id_obat;nama_obat;kategori_penyakit;indikasi;satuan_tersedia;harga_mulai;harga_detail;aturan_pemakaian;dosis;efek_samping;interaksi_obat;jangka_waktu_penggunaan;komposisi;kontra_indikasi;stok;image
0;Antasida Doen Tablet Kunyah;Lambung;Obat sakit maag untuk mengurangi nyeri lambung yang disebabkan oleh kelebihan asam lambung dengan gejala seperti mual, perih kembung.;Box, Strip;2000;"Strip: Rp2.000; Box: Rp16.000";"Sebaiknya diberikan pada saat perut kosong; Berikan 1-2 jam setelah makan sebelum tidur; Kunyah tablet degan baik sebelum ditelan";"Dewasa: 1-2 tablet, 3-4 kali per hari.; Anak 6-12 tahun: 0.5-1 tablet, 3-4 kali per hari";"kadang-kadang terjadi konstipasi, diare; Mual, muntah; Hypophosphatemia osteomalacia (pada pemberian dosis besar untuk jangka lama bila kadar phosphate rendah); Dialysis dementis pada pemberian jangka panjang pada pasien dialisis";Aluminium hydroxide akan mengurangi absorpsi bermacam- macam vitamin Tetracyclin;Jangan digunakan selama 2 minggu;"Aluminium Hydroxide 200 mg; Magnesium Hydroxide 200 mg";"Disfungsi ginjal berat; hipersensitif; obstruksi saluran pencernaan; pasien yang sangat lemah";;https://tse.mm.bing.net/th?q=Antasida%20Doen%20Tablet%20Kunyah%20obat%20kemasan
1;Dexanta Tablet Kunyah;Lambung;Mengurangi gejala kelebihan asam lambung, gastritis, tukak lambung, tukak usus dua belas jari seperti mual, nyeri lambung, nyeri ulu hati, kembung perasaan penuh pada lambung;Box, Strip;3000;"Strip: Rp3.000; Box: Rp30.000";"Diberikan diantara waktu makan; Tablet dikunyah sampai halus sebelum ditelan";all: 3 x sehari 1-2 tablet kunyah;"Konstipasi; diare; mual; muntah; Gejala akan hilang bila pemakaian obat dihentikan";Pemberian bersama dengan cimetidine atau tetracycline dapat mengurangi absorpsi cimetidine atau tetracycline;bukan untuk dikonsumsi secara rutin atau jangka panjang;"Aluminium Hydroxide 200 mg; Magnesium Hydroxide 200 mg; Simethicone 50 mg";Tidak boleh diberikan pada pasien dengan gangguan fungsi ginjal yang berat;;https://tse.mm.bing.net/th?q=Dexanta%20Tablet%20Kunyah%20obat%20kemasan
2;Esemag Cair;Lambung;Membantu meringankan gangguan lambung, seperti mual, muntah, rasa perih atau tidak enak di ulu hati.;Box, Pcs;2000;"Pcs: Rp2.000; Box: Rp9.500";sebelum atau sesudah makan;all: 3 x sehari @ 1 sachet;;;;"Curcuma domestica Rhizoma Extract 500 mg; Licorice Extract (Glycyrrhiza glabra Radix) 20 mg; Phyllanthus niruri Herba Extract 50 mg; Gula Fruktosa Madu dan bahan lain 10 ml";Pada pasien yang memiliki riwayat hipersensitifitas terhadap kandungan komposisi pada produk ini;;https://tse.mm.bing.net/th?q=Esemag%20Cair%20obat%20kemasan
3;Gastrucid Cair;Lambung;Mengurangi gejala kelebihan asam lambung, gastritis, tukak lambung, tukak usus dua belas jari seperti mual, nyeri lambung, nyeri ulu hati, kembung perasaan penuh pada lambung;;0;;Diminum 1 jam sebelum makan atau 2 jam setelah makan menjelang tidur.;"Dewasa: 3-4 kali sehari 1-2 sendok takar 5-10 ml; Anak-anak 6-12 tahun: 3-4 kali sehari 12-1 sendok takar 2.5-5 ml";"efek_samping yang umum adalah sembelit; diare; mual; muntah; gejala-gejala tersebut akan hilang bila pemakaian obat dihentikan";Pemberian bersama-sama dengan Cimetidine atau Tetracycline dapat mengurangi absorpsi obat tersebut;Tidak dianjurkan digunakan terus menerus lebih dari 2 minggu, kecuali atas petunjuk dokter karena dapat menimbulkan ketergantungan fungsi lambung;"Aluminium Hydroxide 325 mg; Magnesium Hydroxide 325 mg; Simethicone 50 mg";"Jangan diberikan pada penderita gangguan fungsi ginjal yang berat; karena dapat menimbulkan hipermagnesia kadar magnesium dalam darah meningkat";;https://tse.mm.bing.net/th?q=Gastrucid%20Cair%20obat%20kemasan
4;Gastrucid Tablet Kunyah;Lambung;Mengurangi gejala kelebihan asam lambung, gastritis, tukak lambung, tukak usus dua belas jari seperti mual, nyeri lambung, nyeri ulu hati, kembung perasaan penuh pada lambung;Box, Strip;4500;"Strip: Rp4.500; Box: Rp41.500";1 jam sesudah makan sebelum tidur malam, tablet dikunyah sampai halus sebelum ditelan;all: 3 x sehari 1-2 tablet kunyah;"efek_samping yang umum adalah sembelit; diare; mual; muntah; gejala-gejala tersebut akan hilang bila pemakaian obat dihentikan.";Pemberian bersama-sama dengan Cimetidine atau Tetracycline dapat mengurangi absorpsi obat tersebut;Tidak dianjurkan digunakan terus menerus lebih dari 2 minggu, kecuali atas petunjuk dokter karena dapat menimbulkan ketergantungan fungsi lambung;"Aluminium Hydroxide 325 mg; Magnesium Hydroxide 325 mg; Simethicone 50 mg";"Jangan diberikan pada penderita gangguan fungsi ginjal yang berat; karena dapat menimbulkan hipermagnesia kadar magnesium dalam darah meningkat";;https://tse.mm.bing.net/th?q=Gastrucid%20Tablet%20Kunyah%20obat%20kemasan
5;Mylanta Cair;Lambung;Untuk mengurangi gejala-gejala yang berhubungan dengan kelebihan asam lambung, gastritis, tukak lambung, tukak usus dua belas jari, dengan gejala- gejala seperti mual, nyeri lambung, nyeri ulu hati;Cair 150 Ml, Cair 50 Ml;17500;"Cair 50 Ml: Rp17.500; Cair 150 Ml: Rp46.500";Dikonsumsi 1 jam sebelum makan atau 2 jam sesudah makan menjelang tidur;"Dewasa: 1-2 sendok takar 5-10 mL 3-4 kali sehari; Anak-anak 6 - 12 tahun: 12 - 1 sendok takar 2.5 - 5 mL, sebanyak 3-4 kali sehari";"efek_samping yang umum adalah sembelit; diare; mual; muntah; sensasi terbakar di mulut atau tenggorokan; dysgeusia atau persepsi rasa berubah; reaksi hipersensitifitas termasuk ruam; urtikaria; angioedema. Gejala-gejala tersebut akan hilang bila pemakaian obat dihentikan";Kecuali atas anjuran dokter, jangan digunakan dalam 2 jam setelah mengkonsumsi obat lain terutama Simetidin Tetrasiklin hindari minuman yang mengandung asam sari buah, wine, dll karena dapat mempengaruhi penyerapan obat. Pasien harus berkonsultasi ke dokter sebelum menggunakan produk ini bersamaan dengan Raltegravir, Dolutegravir, Elvitegravir;Tidak dianjurkan untuk digunakan secara terus menerus selama lebih dari 2 minggu, kecuali atas petunjuk dokter;"Aluminium hidroksida kering 200 mg; Magnesium hidroksida 200 mg; Simetikon 20 mg";"Jangan diberikan pada penderita gangguan fungsi ginjal yang berat, karena dapat menimbulkan hipermagnesia (kadar magnesium dalam darah meningkat); Tidak boleh digunakan pada pasien yang hipersensitif terhadap aluminium hidroksida, magnesium hidroksida, simetikon atau komponen lain dalam formulasi obat ini";;https://tse.mm.bing.net/th?q=Mylanta%20Cair%20obat%20kemasan
6;Mylanta Tablet Kunyah;Lambung;Untuk mengurangi gejala-gejala yang berhubungan dengan kelebihan asam lambung, gastritis, tukak lambung, tukak usus dua belas jari, dengan gejala- gejala seperti mual, nyeri lambung, nyeri ulu hati;Box, Strip;9000;"Strip: Rp9.000; Box: Rp87.500";Diminum 1 jam sebelum makan atau 2 jam setelah makan menjelang tidur, sebaiknya dikunyah dahulu;"Dewasa: 1-2 tablet, diberikan 3-4 kali sehari.; Anak-anak 6-12 tahun: 0.5-1 tablet, diberikan 1-2 kali sehari";"efek_samping yang umum adalah sembelit; diare; mual; muntah; sensasi terbakar di mulut atau tenggorokan; dysgeusia atau persepsi rasa berubah; reaksi hipersensitifitas termasuk ruam; urtikaria; angioedema. Gejala-gejala tersebut akan hilang bila pemakaian obat dihentikan";Kecuali atas anjuran dokter, jangan digunakan dalam 2 jam setelah mengkonsumsi obat lain terutama Simetidin Tetrasiklin hindari minuman yang mengandung asam sari buah, wine, dll karena dapat mempengaruhi penyerapan obat. Pasien harus berkonsultasi ke dokter sebelum menggunakan produk ini bersamaan dengan Raltegravir, Dolutegravir, Elvitegravir;Obat ini dapat bekerja cepat, tetapi tidak boleh digunakan untuk jangka panjang;"Aluminium hidroksida kering 200 mg; Magnesium hidroksida 200 mg; Simetikon 20 mg";"Jangan diberikan pada penderita gangguan fungsi ginjal yang berat, karena dapat menimbulkan hipermagnesia (kadar magnesium dalam darah meningkat); Tidak boleh digunakan pada pasien yang hipersensitif terhadap aluminium hidroksida, magnesium hidroksida, simetikon atau komponen lain dalam formulasi obat ini";;https://tse.mm.bing.net/th?q=Mylanta%20Tablet%20Kunyah%20obat%20kemasan
7;New Enzyplex Tablet;Lambung;Membantu proses pencernaan, bermanfaat mencegah mengatasi gangguan pencernaan seperti rasa sebah, kembung, rasa penuh pada lambung keadaan-keadaan dimana dibutuhkan peningkatan enzim pencernaan seperti makan terlalu banyak, intoleransi terhadap makanan, salah cerna lain-lain gangguan pencernaan fungsional;All;11500;All: Rp11.500;Pada waktu makan, sesudah makan atau sesuai anjuran petunjuk dokter;all: 1-2 tablet per hari;"efek_samping yang paling sering terjadi adalah Ketidaknyamanan perut; Konstipasi Dermatitis; Reaksi gastrointestinal lainnya yang jarang terjadi adalah Diarea; Mulas; Mual dan Muntah; Dapat terjadi reaksi hipersensitifitas";"Konsumsi vitamin B6 di atas 5-10 mg per hari dapat mengurangi efektivitas levodopa; Mempengaruhi durasi altretamine dan meningkatkan fotosensitifitas yang diinduksi oleh amiodaron, dan mengurangi konsentrasi fenitoin";;"Amilase 10000 sat; Protease 9000 sat; Lipase 240 sat; Asam desoksikholat 30 mg; Dimetilpolisiloksan 25 mg; Vitamin b1 10 mg; Vitamin b2 5 mg; Vitamin b6 5 mg; Vitamin b12 5 mg; Niasinamid 10 mg; Kalsium Pantotenat 5 mg";"Hipersensitif terhadap salah satu komponen obat; Kontraindikasi untuk pasien yang sedang mengalami pankreatitis akut atau eksaserbasi pankreatitis kronis akut; Kontraindikasi untuk pasien yang menggunakan antikoagulan";;https://tse.mm.bing.net/th?q=New%20Enzyplex%20Tablet%20obat%20kemasan
8;Plantacid Forte Cair;Lambung;Untuk mengurangi gejala-gejala yang berhubungan dengan kelebihan asam lambung, tukak lambung, tukak usus 12 jari dengan gejala-gejala seperti mual dan kembung;All;38500;All: Rp38.500;Berikan 1 jam sesudah makan dan menjelang tidur malam;"Dewasa: 3-4 kali sehari 5-10 ml; Anak-anak 6-12 tahun: 3-4 kali sehari 2.5-5 ml. Diberikan 1-2 jam setelah makan dan menjelang tidur";"Mual; muntah; konstipasi; diare. Gejala-gejala akan hilang bila pemakaian obat dihentikan.";Pemberian bersama-sama dengan simetidin atau tetrasiklin dapat mengurangi absorbsi obat tersebut;Tidak dianjurkan untuk anak-anak dibawah 6 tahun, dan hati-hati diberikan pada penderita dengan diet rendah phospor dan pemakaian yang lama;"Dried Al. Hydroxide Gel 400 mg; Mg. Hydroxide 400 mg; Simethicone 100 mg";"Penderita yang hipersensitif terhadap aluminium, magnesium, simethicone; Penderita dengan gangguan fungsi ginjal yang berat, karena dapat menimbulkan hipermagnesemia kadar magnesium dalam darah meningkat";;https://tse.mm.bing.net/th?q=Plantacid%20Forte%20Cair%20obat%20kemasan
9;Plantacid Forte Tablet Kunyah;Lambung;Untuk mengurangi gejala-gejala yang berhubungan dengan kelebihan asam lambung, tukak lambung, tukak usus 12 jari dengan gejala-gejala seperti mual dan kembung;Box, Strip;11500;"Strip: Rp11.500; Box: Rp102.000";Diberikan 1 jam sesudah makan dan menjelang tidur malam;"Dewasa: 3-4 x sehari 1 - 2 tablet Plantacid; Anak - anak 6-12 th: 3-4 x sehari 12 - 1 tablet Plantacid Plantacid Forte diberikan bila diperlukan dosis antasida yang lebih besar";"Mual; muntah; konstipasi; diare. Gejala-gejala akan hilang bila pemakaian obat dihentikan.";Pemberian bersama-sama dengan simetidin atau tetrasiklin dapat mengurangi absorbsi obat tersebut;Tidak dianjurkan untuk anak-anak dibawah 6 tahun, dan hati-hati diberikan pada penderita dengan diet rendah phospor dan pemakaian yang lama;"Dried Al. Hydroxide Gel 400 mg; Mg. Hydroxide 400 mg; Simethicone 100 mg";"Penderita yang hipersensitif terhadap aluminium, magnesium, simethicone; Penderita dengan gangguan fungsi ginjal yang berat, karena dapat menimbulkan hipermagnesemia kadar magnesium dalam darah meningkat";;https://tse.mm.bing.net/th?q=Plantacid%20Forte%20Tablet%20Kunyah%20obat%20kemasan
10;Polycrol Forte;Lambung;Untuk mengurangi gejala-gejala yang berhubungan dengan kelebihan asam lambung, gastritis, tukak lambung, tukak usus dua belas jari, dengan gejala-gejala seperti mual, nyeri lambung, nyeri ulu hati, kembung, dan perasaan penuh pada lambung;All;32500;All: Rp32.500;Diminum 1 jam setelah makan dan menjelang tidur malam;all: 1-2 tablet kunyah 3 kali sehari;"Elek samping yang umum adalah sembelit; diare; mual; muntah; dan gejala-gejala tersebut akan hilang bila pemakaian obat dihentikan";Pemberian bersama-sama dengan simetidin atau tetrasiklin dapat mengurangi absorpsi obal tersebut;Tidak dianjurkan untuk menggunakan Polycrol Forte Tablet lebih dari 2 minggu, kecuali atas petunjuk dokter;"Aluminium Hydroxide 400 mg; Magnesium Hydroxide 200 mg; Simethicone 80 mg";Jangan diberikan pada penderita gangguan fungsi ginjal yang berat, karena dapat menimbulkan hipermagnesia kadar magnesium dalam darah meningkat;;https://tse.mm.bing.net/th?q=Polycrol%20Forte%20obat%20kemasan
11;Polysilane Cair;Lambung;Untuk mengurangi gejala-gejala yang berhubungan dengan kelebihan asam lambung, gastritis, tukak lambung, tukak usus dua belas jari, dengan gejala-gejala seperti mual, nyeri lambung, nyeri ulu hati, kembung, dan perasaan penuh pada lambung;Cair 100 Ml, Cair 180 Ml;26000;"Cair 100 Ml: Rp26.000; Cair 180 Ml: Rp37.500";Dikonsumsi 1-2 jam setelah makan dan menjelang tidur;"Dewasa: 5 - 10 ml, diminum 3-4 kali per hari; Anak 6-12 tahun: 2.5 - 5 ml diminum 3-4 kali per hari";"Sembelit; diare; mual; muntah dan gejala-gejala tersebut akan hilang bila pemakaian obat dihentikan";Pemberian bersama-sama dengan simetidin atau tetrasiklin dapat mengurangi absorbsi obat tersebut;Polysilane hanya dikonsumsi saat dibutuhkan, bukan untuk konsumsi jangka panjang;"Aluminium Hydroxide 200 mg; Magnesium Hydroxide 200 mg; Simethicone 80 mg; Sorbitol; Sodium Carbonate; Methylparaben; Alcohol; Hypromellose Propylparaben; Peppermint Oil; Citric Acid Monohydrate; Glycerol; Saccharin Sodium; Purifiert Water Sodium Bicarbonate; Anise Oil";Jangan diberikan pada penderita gangguan fungsi ginjal yang berat, karena dapat menimbulkan hipermagnesia kadar magnesium dalam darah meningkat;;https://tse.mm.bing.net/th?q=Polysilane%20Cair%20obat%20kemasan
12;polysilane Tablet;Lambung;Untuk mengurangi gejala-gejala yang berhubungan dengan kelebihan asam lambung, gastritis, tukak lambung, tukak usus dua belas jari, dengan gejala-gejala seperti mual, nyeri lambung, nyeri ulu hati, kembung, dan perasaan penuh pada lambung;Box, Strip;10000;"Strip: Rp10.000; Box: Rp49.000";Berikan sebelum makan, pada saat perut kosong dikunyah;"Dewasa: 3-4 kali sehari 1-2 tablet; Anak 4 tahun: 2 tablet per hari";"Sembelit; diare; mual; muntah; deplesi fosfat";"Penurunan efektivitas aspirin, cimetidine, pazopanib, digoxin, dan beberapa antibiotik, seperti ciprofloxacin, levofloxacin, tetracycline, doxycycline, cefuroxime, atau azithromycin; Peningkatan risiko terjadinya keracunan alumunium jika digunakan dengan vitamin D3";Polysilane hanya dikonsumsi saat dibutuhkan, bukan untuk konsumsi jangka panjang;"Aluminium Hydroxide 200 mg; Magnesium Hydroxide 200 mg; Simethicone 80 mg; Peppermint Oil; Talc; Menthol Crystal; Sucrose; Alcohol; Colloidal Silicon Dioxide; Povidone; Sorbitol; Purified Water";Hipersensitif dan penderita gangguan ginjal berat;;https://tse.mm.bing.net/th?q=polysilane%20Tablet%20obat%20kemasan
13;Promag Cair 60 ml;Lambung;PROMAG digunakan untuk mengurangi gejala-gejala yang berhubungan dengan kelebihan asam lambung, gastritis, tukak lambung, tukak usus 12 jari dengan gejala seperti mual, nyeri lambung, nyeri ulu hati, kembung dan perasaan penuh pada lambung;All;13000;All: Rp13.000;"Kocok dahulu sebelum diminum; Dianjurkan untuk meminum obat ini segera pada saat timbul gejala dan dianjurkan 1-2 jam sebelum atau setelah makan dan sebelum tidur";"Dewasa: 1-2 sendok takar 5-10 ml, 3-4 kali sehari; Anak usia 6-12 tahun: 1 sendok takar 5 ml, 3-4 kali sehari";"Umumnya adalah sembelit; diare; mual; muntah; dan gejala-gejala tersebut akan hilang bila pemakaian obat dihentikan";Pemberian bersama sama dengan simetidin atau tetrasiklin dapat mengurangi absorpsi obat tersebut;Promag hanya dikonsumsi saat dibutuhkan, bukan untuk dikonsumsi rutin atau jangka panjang;;Pasien yang memiliki riwayat alergi terhadap salah satu komponen obat;;https://tse.mm.bing.net/th?q=Promag%20Cair%2060%20ml%20obat%20kemasan
14;Promag Sachet Herbal;Lambung;Mengatasi perut kembung dan begah;Box, Sach;2500;"Sach: Rp2.500; Box: Rp14.500";Bisa diminum langsung atau dicampur dengan air hangat, kocok sebelum diminum;all: 3 x sehari 1 sachet;"Pemakaian obat umumnya memiliki efek_samping tertentu dan sesuai dengan masing- masing individu; Jika terjadi efek_samping yang berlebih dan berbahaya, harap konsultasikan kepada tenaga medis";"Penurunan penyerapan bifosfonat, digoxin, estramustine, zat besi, pazopanib, strontium, obat golongan tetrasiklin, obat golongan quinolone, atau obat tiroid, seperti levothyroxine; Penurunan efektivitas obat yang mengandung estrogen, misalnya pil KB; Peningkatan kadar magnesium dalam darah (hipermagnesemia) terutama pada penderita gangguan fungsi ginjal, jika digunakan dengan vitamin D3";Promag hanya dikonsumsi saat dibutuhkan, bukan untuk dikonsumsi rutin atau jangka panjang;"Jahe Merah 50 mg; Adas 10 mg; Peppermint 12.5 mg; Akar Manis 300 mg; Kunyit 50 mg; Ananas 50 mg; Royal Jelly 10 mg; Madu 1 g";Jika terjadi efek_samping yang berlebih dan berbahaya, harap konsultasikan kepada tenaga medis;;https://tse.mm.bing.net/th?q=Promag%20Sachet%20Herbal%20obat%20kemasan
15;Promag Sachet Suspensi;Lambung;Untuk mengurangi gejala yang berhubungan dengan kelebihan asam lambung, gastritis, tukak lambung, tukak usus 12 jari dengan gejala seperti mual, nyeri lambung, nyeri ulu hati, kembung dan perasaan penuh pada lambung;Box, Sach;2500;"Sach: Rp2.500; Box: Rp14.000";Satu jam sebelum atau sesudah makan, dan sebelum tidur malam;"Dewasa: 3-4 x sehari 1-2 sachet; anak 6-12 tahun: 12-1 sachet";"Tidak selalu, tapi ada beberapa efek_samping yang mungkin terjadi usai konsumsi Promag, seperti diare, konstipasi, mual, dan muntah; Gejala-gejala di atas biasanya akan hilang ketika Anda berhenti mengonsumsi obat";;Promag hanya dikonsumsi saat dibutuhkan, bukan untuk dikonsumsi rutin atau jangka panjang;"Hydrotalcite 400 mg; Magnesium Hydroxide 300 mg; Simethicone 100 mg";"jangan gunakan obat Promag jika Anda alergi pada salah satu kandungannya; Obat tersebut juga tidak dianjurkan untuk diberikan pada penderita gangguan ginjal; Promag mengandung magnesium sehingga dapat menimbulkan hipermagnesemia";;https://tse.mm.bing.net/th?q=Promag%20Sachet%20Suspensi%20obat%20kemasan
16;Promag Tablet Kunyah;Lambung;Meringankan gejala-gejala yang berhubungan dengan kelebihan asam lambung, gastritis, tukak lambung, tukak usus 12 jari dengan gejala seperti mual, nyeri lambung, nyeri ulu hati, kembung dan perasaan penuh pada lambung;Box, Strip;9000;"Strip: Rp9.000; Box: Rp27.000";Dianjurkan untuk meminum obat ini segera pada saat timbul gejala dan dilanjutkan 1-2 jam sebelum makan atau sesudah makan dan sebelum tidur. Obat ini dapat diminum dengan air atau dikunyah langsung;"Dewasa dan anak 12 tahun: 3-4 kali sehari 1-2 tablet; Anak-anak 6 - 12 tahun: 3 - 4 kali sehari 0.5 - 1 tablet. Atau menurut petunjuk dokter";"sembelit; diare; mual; muntah";;Promag hanya dikonsumsi saat dibutuhkan, bukan untuk dikonsumsi rutin atau jangka panjang;"Hydrotalcite 200 mg; Magnesium Hydroxide 150 mg; Simethicone 50 mg";Hipersensitif terhadap komponen obat;;https://tse.mm.bing.net/th?q=Promag%20Tablet%20Kunyah%20obat%20kemasan
17;Bisolvon Extra;Batuk;Obat ini digunakan sebagai sekretolitik mukolitik dan ekspektoran untuk meredakan batuk berdahak dan mempermudah pengeluaran dahak;All;54000;All: Rp54.000;Dikonsumsi sesudah makan.;"Dewasa dan Anak diatas 12 tahun: 10 ml sendok takar 5 ml, diberikan 3 kali perhari; Anak 6-12 tahun: 5 ml 1 sendok takar 5 ml, diberikan 3 kali per hari; Anak 2-6 tahun: 2.5 ml setengah sendok takar 5 ml, diberikan 3 kali per hari";"Gangguan Gl ringan. Reaksi alergi, terutama ruam kulit; Peningkatan kadar transaminase, sakit kepala dan vertigo";Pemberian bersamaan dengan antibiotika (amoksisilin, sefuroksim, eritromisin, doksisiklin) akan meningkatkan konsentrasi antibiotika;Jangan mengonsumsi Bisolvon lebih dari 14 hari, kecuali jika disarankan oleh dokter;"Bromhexine hydrochloride 4 mg; Guaifenesin 100 mg";"BISOLVON EXTRA tidak boleh digunakan pada pasien yang diketahui hipersensitif terhadap bromheksin, guaifenesin atau komponen lain dalam formula; Guaifenesin dianggap tidak aman pada pasien dengan porfiria karena telah terbukti porphyrinogenic pada hewan; Pada kasus kelainan bawaan yang sifatnya jarang yaitu kondisi dimana terdapat ketidkcoockan dengan zat tambahan yang terkandung dalam produk obat lampiran komposisi produk maka penggunaan produk dikontraindikasikan";;https://tse.mm.bing.net/th?q=Bisolvon%20Extra%20obat%20kemasan
18;Cohistan;Batuk;COHISTAN EXPECTORANT mencairkan sekret yang kental untuk mempermudah pengeluarannya dan meredakan batuk produktif dan batuk karena alergi;All;26500;All: Rp26.500;Sesudah makan;"Dewasa: 3-4 x sehari 1 sendok makan 15 ml; Anak usia 7-12 tahun: 3-4 x sehari 12 sendok makan 15 ml; Anak usia 2-6 tahun: 3-4 x sehari 1 sendok teh 5 ml";"Mulut kering; mengantuk; pandangan kabur; mual";"Peningkatan efek antikolinergik dari MAOI yang berpotensi fatal; Peningkatan kadar phenytoin dalam darah sehingga meningkatkan risiko terjadinya keracunan obat; Peningkatan efek antimuskarinik dari antidepresan trisiklik; Peningkatan efek kantuk dan risiko terjadinya komplikasi jika digunakan dengan obat antinyeri golongan opioid, obat antiansietas, obat penenang, atau obat antipsikotik";Obat ini tidak bisa digunakan jangka panjang;"Guaifenesin 50 mg; Klorfenamin Maleat 1 mg";Hipersensitif terhadap komponen obat ini;;https://tse.mm.bing.net/th?q=Cohistan%20obat%20kemasan
19;Decadryl;Batuk;Untuk meringankan batuk berdahak karena alergi;Cair 120 Ml, Cair 60 Ml;17000;"Cair 60 Ml: Rp17.000; Cair 120 Ml: Rp21.500";Sesudah makan;"Dewasa: 1-2 Sendok takar tiap 3 jam, tidak boleh lebih dari 14 sendok takar per hari; Anak 6-12 tahun: 12 - 1 sendok takar tiap 3 jam, tidak boleh lebih dari 6 sendok takar per hari";"mengantuk; retensi urin; mulut kering; gangguan pencernaan; reaksi alergi pada kulit; sedasi; pusing";"Diphenhydramine HCI mengurangi efek oral antikoagulan melalui induksi enzim; Diphenhydramine HCl menghasilkan efek berbahaya bila diberikan bersama alkohol, hipnotik, sedatif, tranquilizer dan obat-obat yang menyebabkan depresi susunan saraf pusat; Diphenhydramine HCI dan Phenobarbital keduanya merupakan enzyme inducers, pemberian bersamaan mengurangi aktivitas antihistamin dan mengurangi aktivitas barbiturat; Diphenhydramine HCl meningkatkan efek kardiovaskuler dari Epinephrine dan Norepinephrine; Ammonium chloride menurunkan pH air kemih, sehingga mengurangi ekskresi Salicylic acid. Dengan demikian kadar Salicylic acid dalam darah meningkat; Ammonium chloride dengan Sulfonamide menyebabkan terbentuknya kristal dalam air kemih dan komplikasi karena terjadi penurunan pH air kemih";Obat ini tidak bisa digunakan jangka panjang;"Diphenhydramine HCI 13.5 mg; Ammonium chloride 131.5 mg";"Penderita hipersensitif terhadap salah satu komponen obat ini; Tidak boleh digunakan pada bayi baru lahir atau prematur; Terapi antibiotik ototoksik karena akan menimbulkan reaksi ototoksik";;https://tse.mm.bing.net/th?q=Decadryl%20obat%20kemasan
20;Fluimucil Dry Syrup;Batuk;Mengencerkan dahak di saluran pernapasan;All;92400;All: Rp92.400;"Tambahkan air sampai tanda garis merah Tutuplah botol rapat kemudian kocok botol dalam keadaan terbalik; Setelah dikocok permukaan sirup akan terlihat dibawah tanda; Tambahkan air lagi sampai batas tanda. Kocok sampai homogen; Setelah dicampur, sirup digunakan maksimal 12 hari";"Dewasa: 2 sendok takar 10 ml, 2-3 kali per hari; Anak-anak 2-4 tahun: 2-4 kali sehari, 200 mg/hari; Anak-anak diatas 4 tahun: 300 mg/hari";"Bronkospasme; gangguan lambung; stomatitis; rinore; sakit kepala; tinitus; urtikaria; menggigil; demam; hemoptitis; reaksi anafilaksis (jarang terjadi)";"antitusif; tetrasiklin; nitrogliserin";Jangan menggunakan lebih dari dosis yang dianjurkan Lama pengobatan 5 - 10 hari;Acetylcysteine 100 mg;Hipersensitif terhadap Acetylcysteine atau zat tambahan obat ini Anak-anak dibawah 2 tahun;;https://tse.mm.bing.net/th?q=Fluimucil%20Dry%20Syrup%20obat%20kemasan
21;herbaKOF;Batuk;Membantu meredakan batuk dan membantu melegakan tenggorokan;All;15500;All: Rp15.500;setelah makan;"Dewasa: 3 x sehari, 3 sendok takar 15 ml; Anak-anak 6-12 tahun: 3 x sehari, 1 sendok takar 5 ml";Belum ada efek_samping yang dilaporkan;"Belum diketahui interaksi antarobat yang pasti terjadi jika Herbakof Herbal Cough Syrup 100 ml digunakan bersama obat, suplemen, atau ptoduk herbal lain; Agar aman, selalu konsultasikan dengan dokter jika Anda berencana mengonsumsi produk ini bersama obat lain";;"Vitex trifolia falium 1 g; Zingiber officinale rhizoma 0.25 g; Abrus precatorius folium 0.25 g; Phaleria macrocarpa pericarpium 0.2 g; Natrium benzoat; metil paraben; aspartam; madu cair; perisa jeruk; perisa peppermint";Pada pasien yang memiliki riwayat hipersensitifitas terhadap kandungan komposisi pada produk ini;;https://tse.mm.bing.net/th?q=herbaKOF%20obat%20kemasan
22;Ikadryl;Batuk;Untuk meredakan batuk karena alergi dan influenza serta melegakan saluran pernapasan;All;18000;All: Rp18.000;Dapat dikonsumsi sebelum atau sesudah makan;"Dewasa: 2 sendok takar 10 ml, 3 kali per hari; Anak-anak 6-12 tahun: 1 sendok takar 5 ml, 3 kali per hari";"Gangguan Gl; anoreksia atau peningkatan nafsu makan; penglihatan kabur; gangguan kencing; mulut kering; dada terasa terikat; hipotensi; lemas otot; tinitus; sakit kepala; serangan epilesi; fotosensitif";Jika obat ini digunakan bersama obat penenang, obat antidepresan, atau obat antihistamin lain, bisa terjadi efek kantuk yang berat dan efek_samping yang bisa berakibat fatal;Penggunaan dosis besar dan jangka panjang menyebabkan kerusakan hati;"Diphenhydramine HCI 12.5 mg; Ammonium Chloride 125 mg";"bayi baru lahir dan bayi prematur; ibu menyusui; orang yang alergi pada salah satu kandungannya";;https://tse.mm.bing.net/th?q=Ikadryl%20obat%20kemasan
23;Laserin;Batuk;Membantu meredakan batuk, masuk angin, muntah, sakit perut, dan melegakan tenggorokan;Cair 110 Ml, Cair 60 Ml;14500;"Cair 60 Ml: Rp14.500; Cair 110 Ml: Rp26.000";Berikan sesudah makan;"Dewasa: 3 x sehari 1-2 sendok makan; Anak: 3 x sehari 1-2 sendok teh; Bayi: 2 x sehari 12 sendok teh. Atau menurut petunjuk dokter";Belum terdapat data keamanan untuk obat ini;Tidak ada informasi adanya interaksi_obat saat Laserin digunakan bersama zat aktif lainnya;Tidak boleh digunakan lebih dari 6 minggu tanpa anjuran dokter;"Euphorbiae hirta Herba 0.01 g; Zingiberis officinale Rhizoma 1.84 g; Cinnamomum burmanii Cortex 0.26 g; Amomi compacti Fructus 0.02 g; Syzygium aromaticum Flos 0.03 g; Piper betle Folium 0.45 g; Abri precatorius Folium 0.05 g; Mentha arvensis Folium 0.002 g; Hibiscus tileacius Folium 0.005 g; Oleum mentha piperitae 0.02 ml; Succus liquiritae 0.02 g";"Hipersensitif; Penderita obstruksi usus; Penderita yang harus menghindari konstipasi";;https://tse.mm.bing.net/th?q=Laserin%20obat%20kemasan
24;OB Herbal;Batuk;Membantu meredakan batuk dan membantu melegakan tenggorokan;Cair 100 Ml, Cair 60 Ml;16500;"Cair 60 Ml: Rp16.500; Cair 100 Ml: Rp24.000";Sesudah makan;"Dewasa: 3 x 1 Sendok Makan 15 ml; Anak-anak 2 Tahun: 3 x 12 Sendok Makan 7.5 ml";Pada umumnya, jarang ditemukan efek_samping pada penggunaan obat herbal;Belum ada informasi terkait interaksi_obat OB Herbal dengan zat aktif lain;Jangan memberikan OB Herbal Junior Sirup ke anak dalam jangka panjang, selama 6 minggu;"Zingiber officinale Rhizoma 4.5 g; Citrus aurantifolia Fructus 1.5 g; Kaempferia galanga Rhizoma 1.5 g; Thymus vulgaris Herba 1.5 g; Mentha arvensis Folium 0.75 g; Myristica fragrans Semen 0.75 g; Mel depuratum 0.6 g; Glycyrrhiza glabra Radix (Licorice) 0.25 g; Oleum Menthae Piperitae; Potasium sorbat";Hindari penggunaan OB Herbal apabila kamu punya riwayat alergi pada salah satu kandungan di dalam obat;;https://tse.mm.bing.net/th?q=OB%20Herbal%20obat%20kemasan
25;Obat Batuk Cap Ibu dan Anak;Batuk;Membantu meredakan batuk berdahak dan membantu melegakan tenggorokan. Membantu memelihara kesehatan paru-paru;Cair 150 Ml, Cair 300 Ml, Cair 75 Ml;27000;"Cair 75 Ml: Rp27.000; Cair 150 Ml: Rp54.000; Cair 300 Ml: Rp74.000";Sesudah makan. Diminum secara perlahan-lahan atau dicampur dengan air hangat;"Dewasa dan anak 12 tahun: 3 kali per hari 1 sendok takar 15ml; Anak 7-12 tahun: 3 Kali sehari 23 sendok takar 10ml; Anak 3-6 tahun: 3 Kali sehari 13 sendok takar 5ml";"Mual; Diare; Sakit perut; Gatal-gatal; Ruam; Bengkak pada kulit; Sakit kepala; Pusing; Sulit tidur atau insomnia";Belum didapatkan informasi terkait interaksi_obat batuk ibu dan anak dengan obat lainnya;;"Fritillaria cirrhosa Bulbus 852 mg; Eriobotrya japonica Folium 195 mg; Adenophora tetraphylla Radix 27 mg; Poria cocos 27 mg; Citrus grandis Exocarpium 120 mg; Platycodon grandiflorium Radix 72 mg; Pinellia ternata rhizoma Preparatum 27 mg; Schisandra chinensis Fructus 5 mg; Trichosanthes kirilowii Semen 27 mg; Polygala tenuifolia Radix 120 mg; Tussilago farfara Flos 120 mg; Armeniacae amarum Semen 21 mg; Zingiber officinale Rhizoma 27 mg; Mentholum 35 mg; Glycyrrhiza glabes Radix 780 mg; Aqua armeniacae 213 mg; Mel depuratum 3870 mg; Syrup Q.S. to 100 g";"Pasien yang mengalami reaksi hipersensitivitas terhadap salah satu kandungan obat. Beberapa gejala yang akan dialami, seperti munculnya ruam, gatal, hingga bengkak; Insomnia berat";;https://tse.mm.bing.net/th?q=Obat%20Batuk%20Cap%20Ibu%20dan%20Anak%20obat%20kemasan
26;OBH Berlico Jerus Nipis;Batuk;Untuk batuk berdahak;All;10000;All: Rp10.000;Sebelum atau sesudah makan;"Dewasa: 3 x sehari 3 sendok takar (15 ml); Anak-anak: 3 x sehari 1 sendok takar (5 ml)";"efek_samping yang terjadi pada dosis besar adalah asidosis metabolik; rasa kantuk; mual dan muntah";;Bukan Untuk Jangka Panjang;;Penderita yang hipersensitif terhadap komponen obat ini;;https://tse.mm.bing.net/th?q=OBH%20Berlico%20Jerus%20Nipis%20obat%20kemasan
27;OBH Combi Batuk Berdahak;Batuk;Untuk meredakan batuk berdahak;All;16500;All: Rp16.500;Diberikan sesudah makan;Dewasa: 1-4 kali sehari, 2 sachet 15 ml;"Mual; muntah; perasaan tidak nyaman di perut. Pada dosis besar dapat menyebabkan gangguan elektrolit tubuh";"Amonium klorida dapat menurunkan kadar obat methyl?enedioxy?methamphetamine, lisdexamfetamine, pseudoephedrine, dan dextroamphetamine; Ammonium chloride dan diclofenamide dapat menurunkan kadar kalium; Beri tahu dokter atau apoteker jika kamu sedang mengonsumsi suplemen, produk herbal, atau obat lain";Bukan Untuk Jangka Panjang;"Succus Liquiritiae 167 mg; Ammonium Chloride 50 mg; Ethanol 2 %";Penderita yang hipersensitif terhadap salah satu komponen obat;;https://tse.mm.bing.net/th?q=OBH%20Combi%20Batuk%20Berdahak%20obat%20kemasan
28;OBH IKA Obat Batuk Hitam;Batuk;Untuk batuk berdahak;Cair 100 Ml, Cair 200 Ml;15000;"Cair 100 Ml: Rp15.000; Cair 200 Ml: Rp23.500";Sesudah makan;"Dewasa: 3-4 x sehari 1 sendok makan 15 ml; Anak: 3-4 x sehari 1 sendok teh 5 ml";Mengantuk;;Bukan Untuk Jangka Panjang;"Succus liquiritiae 500 mg; Ammonium Chloride 300 mg; SASA 300 mg";Penderita yang hipersensitif terhadap salah satu komponen obat;;https://tse.mm.bing.net/th?q=OBH%20IKA%20Obat%20Batuk%20Hitam%20obat%20kemasan
29;OBH Itrasal;Batuk;Sebagai expectoran batuk berdahak;All;6500;All: Rp6.500;Dikonsumsi setelah makan;"Dewasa dan anak 12 tahun: sehari 3-4 kali 3 sendok teh 15 ml; Anak-anak umur 6 - 12 tahun: sehari 3-4 kali 1 sendok teh 5 ml; Anak-anak 6 tahun: Sesuai petunjuk dokter";dosis yang berlebihan kemungkinan menimbulkan asidosis;;Bukan Untuk Jangka Panjang;"Succus Liquiritiae 160 mg; Ammonium Chloride 100 mg";Penderita hipersensitif terhadap obat;;https://tse.mm.bing.net/th?q=OBH%20Itrasal%20obat%20kemasan
30;OBH Nellco;Batuk;Ekspektoran pada gangguan batuk berdahak;;0;;Dikonsumsi sesudah makan. Kocok dahulu sebelum dipakai;"Dewasa dan anak-anak usia diatas 12 tahun: 3 kali sehari 3 sendok takar; Anak-anak usia 6 - 12 tahun: 3 kali sehari 1.5 sendok takar";"Mual; muntah; perasaan tidak nyaman di perut; Pada dosis besar dapat menyebabkan gangguan elektrolit tubuh";;Bukan Untuk Jangka Panjang;"Succus Liquiritiae 167 mg; Ammonium Chloride 100 mg";Penderita yang hipersensitif terhadap salah satu komponen obat ini;;https://tse.mm.bing.net/th?q=OBH%20Nellco%20obat%20kemasan
31;Phenacold Expectorant;Batuk;Untuk meringankan batuk berdahak yang disebabkan alergi;All;13000;All: Rp13.000;Bersama atau tanpa makanan;"Dewasa: 10 mL 3-4 x sehari; Anak 6-12 thn: 5 mL 3-4 x sehari";"efek_samping yang mungkin timbul yaitu mengantuk; pusing; gangguan saluran pencernaan";"Bila digunakan bersama obat golongan antidepresan golongan monoamine oxidase inhibitors MAOIs, seperti isocarboxazid; obat ini bisa meningkatkan efek kantuk dan efek_samping yang bisa berakibat fatal";mengonsumsi Phenacold dalam dosis besar dan jangka panjang bisa menyebabkan gangguan hati;"Diphenhydramine Hydrochloride 12.5 mg; Ammonium Chloride 100 mg; Potassium Guaiacolsulfonate 30 mg; Sodium Citrate 50 mg";Jangan diberikan pada pasien yang hipersesnitif terhadap komponen obat;;https://tse.mm.bing.net/th?q=Phenacold%20Expectorant%20obat%20kemasan
32;Sanadryl DMP;Batuk;Untuk meringankan gejala batuk tidak berdahak yang menimbulkan rasa sakit atau batuk karena alergi;Cair 120 Ml, Cair 60 Ml;19000;"Cair 60 Ml: Rp19.000; Cair 120 Ml: Rp30.500";Dikonsumsi bersama atau setelah makanan.;"Dewasa: 3-4 kali sehari 2 sendok takar 10 ml; Anak 6-12 tahun: 3-4 kali sehari 1 sendok takar 5 ml";"Mengantuk; sedasi; pusing; gangguan koordinasi; rasa tidak enak di ulu hati; sekresi saluran napas mengental; konstipasi; dosis sangat besar dapat menyebabkan depresi per- napasan dan susunan saraf pusat";"Dapat mempotensiasi depresan sistem saraf pusat lainnya; Tindakan yang diperpanjang oleh monoamine oxidase inhibitors MAOI";Dalam penggunaan obat ini HARUS SESUAI DENGAN PETUNJUK DOKTER;"Dextromethorphan Hydrobromide 10 mg; Diphenhydramine Hydrochloride 12.5 mg; Ammonium Chloride 100 mg; Sodium Citrate 50 mg";"Penderita yang hipersensitif terhadap komponen obat ini; Wanita hamil dan menyusui";;https://tse.mm.bing.net/th?q=Sanadryl%20DMP%20obat%20kemasan
33;Sanadryl Ekspektoran;Batuk;Untuk meringankan batuk berdahak yang disebabkan alergi;Cair 120 Ml, Cair 60 Ml;16000;"Cair 60 Ml: Rp16.000; Cair 120 Ml: Rp22.500";Diberikan bersama dengan atau tanpa makanan;"Anak-anak 6-12 tahun: 5 ml, 3-4 kali sehari; Dewasa: 10 ml, 3-4 kali sehari";"efek_samping yang sering terjadi mengantuk; sedasi; pusing; gangguan koordinasi; rasa tidak enak di ulu hati. sekresi saluran napas mengental";Berikut adalah beberapa obat yang dapat berinteraksi dengan Sanadryl Expectorant: Golongan depresan sistem saraf pusat lainnya, Golongan obat MAOI;Dalam penggunaan obat ini HARUS SESUAI DENGAN PETUNJUK DOKTER;"Diphenhydramine Hydrochloride 12.5 mg; Ammonium Chloride 100 mg; Sulfogaiacol Potassium 30 mg; Sodium Citrate Dihydrate 50 mg";SANADRYL Ekspektoran tidak boleh digunakan pada bayi, ibu menyusui, terapi antibiotika yang bersifat oto- toksik karena dapat menimbulkan reaksi ototoksik. Penderita yang hipersensitif terhadap salah satu kom- ponen dari SANADRYL Ekspektoran;;https://tse.mm.bing.net/th?q=Sanadryl%20Ekspektoran%20obat%20kemasan
34;Siladex Antitussive;Batuk;Untuk meringankan batuk yang tidak berdahak yang disertai alergi;Cair 100 Ml, Cair 30 Ml, Cair 60 Ml;9500;"Cair 30 Ml: Rp9.500; Cair 60 Ml: Rp17.000; Cair 100 Ml: Rp21.000";Sebelum atau sesudah makan;"Dewasa dan anak-anak diatas 12 tahun: 3 kali sehari, 1 sendok takar 5 ml; Anak-anak 6 - 12 tahun: 3 kali sehari, 0.5 sendok takar 2.5 ml";"Mual; pusing; mengantuk; konstipasi; mulut kering dan pandangan kabur; Gangguan pencernaan; gangguan psikomotor; takikardi; aritmia ventrikel; palpitasi; retensi urin";Dapat terjadi rangsangan SSP dan depresi pernapasan yang berat pada pemberian bersamaan dengan penghambat MAO;Penggunaan dosis besar dan jangka panjang menyebabkan kerusakan hati;;"Penderita hipersensitif terhadap salah satu bahan yang terkandung dalam sediaan ini; Penderita dengan gangguan jantung dan diabetes mellitus; Penderita dengan gangguan fungsi hati yang berat";;https://tse.mm.bing.net/th?q=Siladex%20Antitussive%20obat%20kemasan
35;Siladex Mucolytic Expctorant;Batuk;Sebagai mukolitik dan ekspektoran untuk meredakan batuk berdahak dan mempermudah pengeluaran dahak;Cair 30 Ml, Cair 60 Ml;9000;"Cair 30 Ml: Rp9.000; Cair 60 Ml: Rp15.500";Dikonsumsi sesudah makan;"Dewasa dan anak-anak lebih dari 10 tahun: 3 kali sehari 1 sendok takar 5 ml; Anak-anak 5-10 tahun: 3 kali sehari 12 sendok takar 2.5 ml";"Mual; diare; rasa penuh diperut; vertigo; berkeringat lebih banyak; ruam kulit";Pemberian bersamaan dengan antibiotika amoksisilin, sefuroksim, doksisiklin akan meningkatkan konsentrasi antibiotik;Penggunaan dosis besar dan jangka panjang menyebabkan kerusakan hati;"Bromhexine HCI 4 mg; Gualfenesin 50 mg";"Hipersensitif terhadap Bromhexine HCI; Guaifenesin atau komponen lain dalam obat ini";;https://tse.mm.bing.net/th?q=Siladex%20Mucolytic%20Expctorant%20obat%20kemasan
36;Vicks Formula 44;Batuk;Untuk meringankan batuk yang tidak berdahak yang disertai bersin-bersin alergi;Cair 100 Ml, Cair 27 Ml, Cair 54 Ml;11000;"Cair 27 Ml: Rp11.000; Cair 54 Ml: Rp23.000; Cair 100 Ml: Rp32.500";Sesudah makan;"Dewasa: 12 tahun ke atas 2 sendok takar 10 ml; Anak-anak: 6-12 tahun 1 sendok takar 5 ml";"Dapat menimbulkan rasa mual; pusing; mengantuk; konstipasi; sedasi; sekresi saluran napas mengental; dan gelisah; Dapat menyebabkan kantuk";Dapat terjadi rangsangan susunan saraf pusat dan depresi pernapasan yang berat pada pemberian bersamaan dengan penghambat MAO;ketika penggunaan Vicks VapoRub dalam jangka panjang atau berlebihan menyebabkan bentuk pneumonia yang langka;"Dextromethorphan Hydrobromide 5 mg; Doxylamine Succinate 2 mg; Alcohol 10 %";"Penderita hipersensitif; penderita glaukoma; asma bronkhial; kegagalan pernapasan dan wanita hamil atau menyusui";;https://tse.mm.bing.net/th?q=Vicks%20Formula%2044%20obat%20kemasan
37;Woods Peppermint Antitussive;Batuk;Batuk tidak berdahak yang disertai alergi;Cair 100 Ml, Cair 60 Ml;22500;"Cair 60 Ml: Rp22.500; Cair 100 Ml: Rp36.000";Sesudah makan;"Dewasa dan anak 12 tahun: 3 x sehari, 10 ml; Anak-anak 6-12 tahun: 3 x sehari, 5 ml";"efek_samping yang timbul seperti rasa mual; pusing; mengantuk dan konstipasi";Penggunaan secara bersamaan dengan inhibitor MAO dapat menyebabkan stimulasi CNS dan depresi pernapasan berat;Wood Pepermint bukan untuk dikonsumsi secara berulang-ulang atau dalam jangka panjang;"Dextromethorphan HBr 7.5 mg; Diphenhydramine HCL 12.5 mg";"Pada wanita hamil dan menyusui; penderita hipersensitif terhadap salah satu bahan aktif; penderita glaucoma; asma bronkhial; kegagalan pernapasan sebaiknya tidak menggunakan obat ini";;https://tse.mm.bing.net/th?q=Woods%20Peppermint%20Antitussive%20obat%20kemasan
38;Zenirex;Batuk;Untuk meredakan batuk berdahak atau batuk yang disebabkan oleh alergi;All;8000;All: Rp8.000;Kocok terlebih dahulu;Dewasa: sehari 2 - 4 sendok teh tiap 4 jam;"Menimbulkan rasa mengantuk. Kadang-kadang penglihatan kabur; mulut kering; meningkatnya tekanan darah; mual muntah; diare; iritasi saluran cerna";;Penggunaan dosis besar dan jangka panjang menyebabkan kerusakan hati;"Promethazine HCL 5 mg; Ipecacuanhae Extractum 4 mg; Guaifenesin 50 mg";"Hipersensitif; anak-anak < 2 tahun; menggunakan lebih dari satu obat batuk dan flu; penyakit ginjal; penyakit hati; anak-anak dengan disentri parah";;https://tse.mm.bing.net/th?q=Zenirex%20obat%20kemasan
39;Decolsin Cair;Batuk Dan Flu;Untuk meredakan batuk yang menyertai gejala-gejala flu seperti demam, sakit kepala, hidung tersumbat dan bersin-bersin;All;19500;All: Rp19.500;Sebelum atau sesudah makan;"Anak 6-12 tahun: 5 mL 1 sendok takar; Dewasa dan anak 12 tahun: 10 mL 2 sendok takar Anak 2-6 tahun Atas petunjuk Dokter";"Mengantuk; gangguan pencernaan; gangguan psikomotor; takikardia; aritmia; mulut kering; palpitasi; retensi urin; Penggunaan dosis besar dan jangka panjang menyebabkan kerusakan hati";Penggunaan bersamaan antidepresan tipe penghambat MAO dapat mengakibatkan krisis hipertensi;Produk ini biasanya tidak boleh digunakan untuk batuk berkelanjutan akibat merokok atau masalah pernapasan jangka panjang seperti bronkitis;"Paracetamol 250 mg; Pseudoephedrine HCI 15 mg; Chlorphenamine Maleate 1 mg; Dextromethorphan HBr 5 mg; Guaifenesin 50 mg";"Tidak boleh diberikan pada penderita yang peka terhadap obat simpatomimetik lain misal efedrin, fenilpropanolamin, fenilefrin, penderita tekanan darah tinggi berat, dan yang mendapat terapi obat antidepresan tipe penghambat Monoamin Oksidase MAO; Tidak boleh melebihi dosis yang dianjurkan; Hati-hati penggunaan pada penderita tekanan darah tinggi atau yang mempunyai potensi tekanan darah tinggi atau stroke, seperti pada penderita dengan berat badan berlebih overweight atau penderita usia lanjut; Bila dalam 3 hari gejala flu tidak berkurang segera hubungi dokter atau unit pelayanan kesehatan; Hentikan penggunaan obat ini jika terjadi susah tidur, jantung berdebar dan pusing; Penderita yang hipersensitif terhadap komponen obat ini; Penderita dengan gangguan fungsi hati yang berat; Penderita dengan gangguan jantung dan diabetes melitus";;https://tse.mm.bing.net/th?q=Decolsin%20Cair%20obat%20kemasan
40;Intunal Cair;Batuk Dan Flu;Untuk meringankan gejala-gejala flu seperti demam, sakit kepala, hidung tersumbat dan bersin-bersin yang disertai batuk;All;27000;All: Rp27.000;Sesudah makan;"Dewasa: 3 x sehari 4 sendok takar 20 ml; Anak-anak 6-12 tahun: 3 x sehari 2 sendok takar 10 ml atau menurut petunjuk dokter";"Mengantuk; gangguan pencernaan; gangguan psikomotor; takikardia; aritmia; mulut kering; palpitasi; retensi urin; Penggunaan dosis besar dan jangka panjang menyebabkan kerusakan hati";Penggunaan bersama antidepresan tipe penghambat MAO dapat mengakibatkan krisis hipertensi;Penggunaan dosis besar dan jangka panjang menyebabkan kerusakan hati;"Paracetamol 125 mg; Phenylpropanolamine HCL 3.5 mg; Dexchlorpheniramine maleate 0.5 mg; Dextromethorphan HBr 3.5 mg; Guaifenesin 50 mg";"Tidak boleh diberikan pada penderita yang peka terhadap obat simpatomimetik lain misal efedrin, fenilpropanolamin, fenilefrin, penderita tekanan darah tinggi berat, dan yang mendapat terapi obat antidepresan tipe penghambat Monoamin Oksidase MAO; Tidak boleh melebihi dosis yang dianjurkan; Hati-hati penggunaan pada penderita tekanan darah tinggi atau yang mempunyai potensi tekanan darah tinggi atau stroke, seperti pada penderita dengan berat badan berlebih overweight atau penderita usia lanjut; Bila dalam 3 hari gejala flu tidak berkurang segera hubungi dokter atau unit pelayanan kesehatan; Hentikan penggunaan obat ini jika terjadi susah tidur, jantung berdebar dan pusing; Penderita yang hipersensitif terhadap komponen obat ini; Penderita dengan gangguan fungsi hati yang berat; Penderita dengan gangguan jantung dan diabetes melitus";;https://tse.mm.bing.net/th?q=Intunal%20Cair%20obat%20kemasan
41;Nellco Special;Batuk Dan Flu;Untuk meringankan gejala-gejala flu seperti demam, sakit kepala, hidung tersumbat dan bersin-bersin yang disertai batuk;Cair 100 Ml, Cair 55 Ml;21500;"Cair 55 Ml: Rp21.500; Cair 100 Ml: Rp34.000";Dikonsumsi sesudah makan. Kocok dahulu sebelum dipakai;"Dewasa dan anak-anak usia diatas 12 tahun: 3 kali sehari 3 sendok takar; Anak-anak usia 6 - 12 tahun: 3 kali sehari 1.5 sendok takar";"kantuk; mual; muntah; sakit kepala; hipertensi";"Kombinasi dengan MAO inhibitor dan menyebabkan peningkatan tekanan darah drastis, memperpanjang masa kerja, dan meningkatkan efek antihistamin; Kolestiramin dapat menurunkan penyerapan paracetamol; Kombinasi metoclopramide dan domperidone dapat meningkatkan toksisitas dari paracetamol; Penggunaan bersama warfarin dapat meningkatkan kadar warfarin; Penggunaan bersama dengan alkohol, antidepresan, dan barbiturate akan memperkuat efek sedatif menimbulkan efek kantuk yang kuat; Glycyrrhizae yang dikombinasikan dengan digoksin dapat meningkatkan toksisitas dari digoksin; Kombinasi dengan furosemide dapat menurunkan kadar kalium";Penggunaan dosis besar dan jangka panjang menyebabkan kerusakan hati;"Succus Liquiritiae 100 mg; Phenylephrine HCI 5 mg; Paracetamol 135 mg; Ammonium Chloride 40 mg; Chlorphenamine Maleate 1.3 mg";"Tidak boleh diberikan pada penderita yang peka terhadap obat simpatomimetik lain misal efedrin, fenilpropanolamin, fenilefrin, penderita tekanan darah tinggi berat, dan yang mendapat terapi obat antidepresan tipe penghambat Monoamin Oksidase MAO; Tidak boleh melebihi dosis yang dianjurkan; Hati-hati penggunaan pada penderita tekanan darah tinggi atau yang mempunyai potensi tekanan darah tinggi atau stroke, seperti pada penderita dengan berat badan berlebih overweight atau penderita usia lanjut; Bila dalam 3 hari gejala flu tidak berkurang segera hubungi dokter atau unit pelayanan kesehatan; Hentikan penggunaan obat ini jika terjadi susah tidur, jantung berdebar dan pusing; Penderita yang hipersensitif terhadap komponen obat ini; Penderita dengan gangguan fungsi hati yang berat; Penderita dengan gangguan jantung dan diabetes melitus";;https://tse.mm.bing.net/th?q=Nellco%20Special%20obat%20kemasan
42;OBH Combi Batuk Flu Menthol;Batuk Dan Flu;Untuk meredakan batuk yang disertai gejala-gejala flu seperti demam, sakit kepala, hidung tersumbat dan bersin-bersin;Cair 100 Ml, Cair 60 Ml;16000;"Cair 60 Ml: Rp16.000; Cair 100 Ml: Rp21.500";Berikan sesudah makan;"Anak usia 6 - 12 tahun: 3 kali sehari 1 sendok takar 5 ml; Dewasa: 3 kali sehari 3 sendok takar 15 ml";"Mengarituk; gangguan pencernaan; insomnia; gelisah; eksitasi; tremor; takikardia; aritmia; mulut kering; palpitasi; netensi urine; Penggunaan dosis besar dan jangka panjang menyebabkan kerusakan hati";Penggunaan bersama antidepresan tipe penghambat MAO dapat mengakibatkan krisis hipertensi;Penggunaan dosis besar dan jangka panjang menyebabkan kerusakan hati;"Succus Liquiritiae 167 mg; Paracetamol 150 mg; Ammonium Chloride 50 mg; Pseudoephedrine HCI 10 mg; Chlorphenamine Maleate 1.33 mg";"Tidak boleh diberikan pada penderita yang peka terhadap obat simpatomimetik lain misal efedrin, fenilpropanolamin, fenilefrin, penderita tekanan darah tinggi berat, dan yang mendapat terapi obat antidepresan tipe penghambat Monoamin Oksidase MAO; Tidak boleh melebihi dosis yang dianjurkan; Hati-hati penggunaan pada penderita tekanan darah tinggi atau yang mempunyai potensi tekanan darah tinggi atau stroke, seperti pada penderita dengan berat badan berlebih overweight atau penderita usia lanjut; Bila dalam 3 hari gejala flu tidak berkurang segera hubungi dokter atau unit pelayanan kesehatan; Hentikan penggunaan obat ini jika terjadi susah tidur, jantung berdebar dan pusing; Penderita yang hipersensitif terhadap komponen obat ini; Penderita dengan gangguan fungsi hati yang berat; Penderita dengan gangguan jantung dan diabetes melitus";;https://tse.mm.bing.net/th?q=OBH%20Combi%20Batuk%20Flu%20Menthol%20obat%20kemasan
43;Paratusin PE;Batuk Dan Flu;Untuk meringankan gejala-gejala flu seperti demam, sakit kepala, hidung tersumbat dan bersin-bersin yang disertai batuk;All;42000;All: Rp42.000;Obat diminum sesudah makan;"Anak-anak 2-5 th: 1 sendok teh (5 ml), 3 kali sehari; Anak-anak 6-12 th: 2 sendok teh (10 ml), 3 kali sehari; Dewasa: 4 sendok teh (20 ml), 3 kali sehari";"Mengantuk; gangguan pencernaan; insomnia; gelisah; eksitasi; tremor; takikardi; aritmia ventrikuler; mulut kering; palpitasi; sulit berkemih; Penggunaan dosis besar dan jangka panjang menyebabkan kerusakan hati";Penggunaan bersama anti depresan tipe penghambat MAO dapat mengakibatkan krisis hipertensi;Penggunaan dosis besar dan jangka panjang menyebabkan kerusakan hati;"Paracetamol 125 mg; Pseudoephedrine HCI 7.5 mg; Noscapine 10 mg; Chlorphenamine Maleate 0.5 mg; Guaifenesin 25 mg; Succus Liquiritae 125 mg; Ethanol 10 %";"Tidak boleh diberikan pada penderita yang peka terhadap obat simpatomimetik lain misal efedrin, fenilpropanolamin, fenilefrin, penderita tekanan darah tinggi berat, dan yang mendapat terapi obat antidepresan tipe penghambat Monoamin Oksidase MAO; Tidak boleh melebihi dosis yang dianjurkan; Hati-hati penggunaan pada penderita tekanan darah tinggi atau yang mempunyai potensi tekanan darah tinggi atau stroke, seperti pada penderita dengan berat badan berlebih overweight atau penderita usia lanjut; Bila dalam 3 hari gejala flu tidak berkurang segera hubungi dokter atau unit pelayanan kesehatan; Hentikan penggunaan obat ini jika terjadi susah tidur, jantung berdebar dan pusing; Penderita yang hipersensitif terhadap komponen obat ini; Penderita dengan gangguan fungsi hati yang berat; Penderita dengan gangguan jantung dan diabetes melitus";;https://tse.mm.bing.net/th?q=Paratusin%20PE%20obat%20kemasan
44;Sanaflu + Batuk;Batuk Dan Flu;Meredakan gejala-gejala flu, demam, sakit kepala, hidung tersumbat;All;14500;All: Rp14.500;Berikan bersama makanan;"Dewasa: 3 kali sehari 1 kaplet; Anak 6-12 tahun: 3 kali sehari 12 kaplet";"Gangguan GI; gangguan psikomotor; takikardi; aritmia; palpitasi; retensi urin; mengantuk; Kerusakan hati dosis besar terapi jangka lama";Obat antidepresan golongan MAOI akan menyebabkan krisis hipertensi bila diberikan secara bersamaan dengan Sanaflu;Dalam jangka panjang penggunaan paracetamol dapat merusak organ hati dan meningkatkan tekanan darah;"Paracetamol 120 mg; Dextromethorphan Hydrobromide 7.5 mg; Phenylpropanolamine Hydrochloride 3.5 mg";"Pasien yang memiliki riwayat hipersensitif terhadap salah satu komponen obat ini; Pasien yang memiliki kepekaan terhadap obat simpatomimetik lain seperti efedrin, pseudoefedrin, fenilefrin juga dikontraindikasikan menggunakan obat ini; Pasien penderita hipertensi parah, penyakit jantung, diabetes mellitus, dan gangguan fungsi hati yang parah tidak boleh menggunakan obat ini; Kontraindikasi juga bagi pasien yang sedang menggunakan obat-obat golongan monoamine oksidase MAO inhibitors, karena bisa meningkatkan tekanan darah";;https://tse.mm.bing.net/th?q=Sanaflu%20%2B%20Batuk%20obat%20kemasan
45;Decolsin Cair;Batuk Dan Flu;Untuk meredakan batuk yang menyertai gejala-gejala flu seperti demam, sakit kepala, hidung tersumbat dan bersin-bersin;All;19500;All: Rp19.500;Sebelum atau sesudah makan;"Anak 6-12 tahun: 5 mL 1 sendok takar; Dewasa dan anak 12 tahun: 10 mL 2 sendok takar Anak 2-6 tahun Atas petunjuk Dokter";"Mengantuk; gangguan pencernaan; gangguan psikomotor; takikardia; aritmia; mulut kering; palpitasi; retensi urin; Penggunaan dosis besar dan jangka panjang menyebabkan kerusakan hati";Penggunaan bersamaan antidepresan tipe penghambat MAO dapat mengakibatkan krisis hipertensi;Produk ini biasanya tidak boleh digunakan untuk batuk berkelanjutan akibat merokok atau masalah pernapasan jangka panjang seperti bronkitis;"Paracetamol 250 mg; Pseudoephedrine HCI 15 mg; Chlorphenamine Maleate 1 mg; Dextromethorphan HBr 5 mg; Guaifenesin 50 mg";"Tidak boleh diberikan pada penderita yang peka terhadap obat simpatomimetik lain misal efedrin, fenilpropanolamin, fenilefrin, penderita tekanan darah tinggi berat, dan yang mendapat terapi obat antidepresan tipe penghambat Monoamin Oksidase MAO; Tidak boleh melebihi dosis yang dianjurkan; Hati-hati penggunaan pada penderita tekanan darah tinggi atau yang mempunyai potensi tekanan darah tinggi atau stroke, seperti pada penderita dengan berat badan berlebih overweight atau penderita usia lanjut; Bila dalam 3 hari gejala flu tidak berkurang segera hubungi dokter atau unit pelayanan kesehatan; Hentikan penggunaan obat ini jika terjadi susah tidur, jantung berdebar dan pusing; Penderita yang hipersensitif terhadap komponen obat ini; Penderita dengan gangguan fungsi hati yang berat; Penderita dengan gangguan jantung dan diabetes melitus";;https://tse.mm.bing.net/th?q=Decolsin%20Cair%20obat%20kemasan
46;Intunal Cair;Batuk Dan Flu;Untuk meringankan gejala-gejala flu seperti demam, sakit kepala, hidung tersumbat dan bersin-bersin yang disertai batuk;All;27000;All: Rp27.000;Sesudah makan;"Dewasa: 3 x sehari 4 sendok takar 20 ml; Anak-anak 6-12 tahun: 3 x sehari 2 sendok takar 10 ml atau menurut petunjuk dokter";"Mengantuk; gangguan pencernaan; gangguan psikomotor; takikardia; aritmia; mulut kering; palpitasi; retensi urin; Penggunaan dosis besar dan jangka panjang menyebabkan kerusakan hati";Penggunaan bersama antidepresan tipe penghambat MAO dapat mengakibatkan krisis hipertensi;Penggunaan dosis besar dan jangka panjang menyebabkan kerusakan hati;"Paracetamol 125 mg; Phenylpropanolamine HCL 3.5 mg; Dexchlorpheniramine maleate 0.5 mg; Dextromethorphan HBr 3.5 mg; Guaifenesin 50 mg";"Tidak boleh diberikan pada penderita yang peka terhadap obat simpatomimetik lain misal efedrin, fenilpropanolamin, fenilefrin, penderita tekanan darah tinggi berat, dan yang mendapat terapi obat antidepresan tipe penghambat Monoamin Oksidase MAO; Tidak boleh melebihi dosis yang dianjurkan; Hati-hati penggunaan pada penderita tekanan darah tinggi atau yang mempunyai potensi tekanan darah tinggi atau stroke, seperti pada penderita dengan berat badan berlebih overweight atau penderita usia lanjut; Bila dalam 3 hari gejala flu tidak berkurang segera hubungi dokter atau unit pelayanan kesehatan; Hentikan penggunaan obat ini jika terjadi susah tidur, jantung berdebar dan pusing; Penderita yang hipersensitif terhadap komponen obat ini; Penderita dengan gangguan fungsi hati yang berat; Penderita dengan gangguan jantung dan diabetes melitus";;https://tse.mm.bing.net/th?q=Intunal%20Cair%20obat%20kemasan
47;Nellco Special;Batuk Dan Flu;Untuk meringankan gejala-gejala flu seperti demam, sakit kepala, hidung tersumbat dan bersin-bersin yang disertai batuk;Cair 100 Ml, Cair 55 Ml;21500;"Cair 55 Ml: Rp21.500; Cair 100 Ml: Rp34.000";Dikonsumsi sesudah makan. Kocok dahulu sebelum dipakai;"Dewasa dan anak-anak usia diatas 12 tahun: 3 kali sehari 3 sendok takar; Anak-anak usia 6 - 12 tahun: 3 kali sehari 1.5 sendok takar";"kantuk; mual; muntah; sakit kepala; hipertensi";"Kombinasi dengan MAO inhibitor dan menyebabkan peningkatan tekanan darah drastis, memperpanjang masa kerja, dan meningkatkan efek antihistamin; Kolestiramin dapat menurunkan penyerapan paracetamol; Kombinasi metoclopramide dan domperidone dapat meningkatkan toksisitas dari paracetamol; Penggunaan bersama warfarin dapat meningkatkan kadar warfarin; Penggunaan bersama dengan alkohol, antidepresan, dan barbiturate akan memperkuat efek sedatif menimbulkan efek kantuk yang kuat; Glycyrrhizae yang dikombinasikan dengan digoksin dapat meningkatkan toksisitas dari digoksin; Kombinasi dengan furosemide dapat menurunkan kadar kalium";Penggunaan dosis besar dan jangka panjang menyebabkan kerusakan hati;"Succus Liquiritiae 100 mg; Phenylephrine HCI 5 mg; Paracetamol 135 mg; Ammonium Chloride 40 mg; Chlorphenamine Maleate 1.3 mg";"Tidak boleh diberikan pada penderita yang peka terhadap obat simpatomimetik lain misal efedrin, fenilpropanolamin, fenilefrin, penderita tekanan darah tinggi berat, dan yang mendapat terapi obat antidepresan tipe penghambat Monoamin Oksidase MAO; Tidak boleh melebihi dosis yang dianjurkan; Hati-hati penggunaan pada penderita tekanan darah tinggi atau yang mempunyai potensi tekanan darah tinggi atau stroke, seperti pada penderita dengan berat badan berlebih overweight atau penderita usia lanjut; Bila dalam 3 hari gejala flu tidak berkurang segera hubungi dokter atau unit pelayanan kesehatan; Hentikan penggunaan obat ini jika terjadi susah tidur, jantung berdebar dan pusing; Penderita yang hipersensitif terhadap komponen obat ini; Penderita dengan gangguan fungsi hati yang berat; Penderita dengan gangguan jantung dan diabetes melitus";;https://tse.mm.bing.net/th?q=Nellco%20Special%20obat%20kemasan
48;OBH Combi Batuk Flu Menthol;Batuk Dan Flu;Untuk meredakan batuk yang disertai gejala-gejala flu seperti demam, sakit kepala, hidung tersumbat dan bersin-bersin;Cair 100 Ml, Cair 60 Ml;16000;"Cair 60 Ml: Rp16.000; Cair 100 Ml: Rp21.500";Berikan sesudah makan;"Anak usia 6 - 12 tahun: 3 kali sehari 1 sendok takar 5 ml; Dewasa: 3 kali sehari 3 sendok takar 15 ml";"Mengarituk; gangguan pencernaan; insomnia; gelisah; eksitasi; tremor; takikardia; aritmia; mulut kering; palpitasi; netensi urine; Penggunaan dosis besar dan jangka panjang menyebabkan kerusakan hati";Penggunaan bersama antidepresan tipe penghambat MAO dapat mengakibatkan krisis hipertensi;Penggunaan dosis besar dan jangka panjang menyebabkan kerusakan hati;"Succus Liquiritiae 167 mg; Paracetamol 150 mg; Ammonium Chloride 50 mg; Pseudoephedrine HCI 10 mg; Chlorphenamine Maleate 1.33 mg";"Tidak boleh diberikan pada penderita yang peka terhadap obat simpatomimetik lain misal efedrin, fenilpropanolamin, fenilefrin, penderita tekanan darah tinggi berat, dan yang mendapat terapi obat antidepresan tipe penghambat Monoamin Oksidase MAO; Tidak boleh melebihi dosis yang dianjurkan; Hati-hati penggunaan pada penderita tekanan darah tinggi atau yang mempunyai potensi tekanan darah tinggi atau stroke, seperti pada penderita dengan berat badan berlebih overweight atau penderita usia lanjut; Bila dalam 3 hari gejala flu tidak berkurang segera hubungi dokter atau unit pelayanan kesehatan; Hentikan penggunaan obat ini jika terjadi susah tidur, jantung berdebar dan pusing; Penderita yang hipersensitif terhadap komponen obat ini; Penderita dengan gangguan fungsi hati yang berat; Penderita dengan gangguan jantung dan diabetes melitus";;https://tse.mm.bing.net/th?q=OBH%20Combi%20Batuk%20Flu%20Menthol%20obat%20kemasan
49;Sanaflu + Batuk;Batuk Dan Flu;Meredakan gejala-gejala flu, demam, sakit kepala, hidung tersumbat;All;14500;All: Rp14.500;Berikan bersama makanan;"Dewasa: 3 kali sehari 1 kaplet; Anak 6-12 tahun: 3 kali sehari 12 kaplet";"Gangguan GI; gangguan psikomotor; takikardi; aritmia; palpitasi; retensi urin; mengantuk; Kerusakan hati dosis besar terapi jangka lama";Obat antidepresan golongan MAOI akan menyebabkan krisis hipertensi bila diberikan secara bersamaan dengan Sanaflu;Dalam jangka panjang penggunaan paracetamol dapat merusak organ hati dan meningkatkan tekanan darah;"Paracetamol 120 mg; Dextromethorphan Hydrobromide 7.5 mg; Phenylpropanolamine Hydrochloride 3.5 mg";"Pasien yang memiliki riwayat hipersensitif terhadap salah satu komponen obat ini; Pasien yang memiliki kepekaan terhadap obat simpatomimetik lain seperti efedrin, pseudoefedrin, fenilefrin juga dikontraindikasikan menggunakan obat ini; Pasien penderita hipertensi parah, penyakit jantung, diabetes mellitus, dan gangguan fungsi hati yang parah tidak boleh menggunakan obat ini; Kontraindikasi juga bagi pasien yang sedang menggunakan obat-obat golongan monoamine oksidase MAO inhibitors, karena bisa meningkatkan tekanan darah";;https://tse.mm.bing.net/th?q=Sanaflu%20%2B%20Batuk%20obat%20kemasan
50;Actifed Plus Cough Suppressant merah;Batuk Dan Pilek;Meringankan pilek dan batuk gatal kering;All;66000;All: Rp66.000;Sebelum atau sesudah makan;"Dewasa dan anak-anak di atas 12 tahun: 1 sendok takar 5 ml, 3 kali sehari; Anak-anak usia 6-12 tahun: 12 sendok takar 2,5 ml, 3 kali sehari";"Mengantuk; sedasi; gugup; insomnia. ins pusing; mulut; hidung; atau tenggorokan kering; gelisah; gangguan pencernaan mual; muntah; ganggunan perhatian dan koordinasi; halusinasi terutama pada anak-anak; gangguan psikomotor; takikardi; aritmia; palpitasi; sulit berkemih; alergi kemerahan pada kulit; kadang-kadang disertai dengan kesulitan bernafas; pembengkakan pada wajah atau tenggorokan. Serotonin syndrome sangat jarang terjadi merasa kebingungan; keletihan; berkeringat; gemetar; menggigil; kontraksi otot tiba-tiba atau peningkatan tekanan darah";"Penggunaan yang bersamaan antara Actifed PLUS Cough Suppressant dengan obat-obat simpatomimetik seperti dekongestan, antidepresan trisiklik, penekan nafsu makan, dan psikostimulan sejenis amphetamine, atau dengan penghambat monoamin oksidase yang mengganggu katabolisme dari simpatomimetik amin, kadang-kadang dapat menyebabkan peningkatan tekanan darah lihat Kontraindikasi; Peringatan dan Perhatian. Karena Actifed PLUS Cough Suppressant mengandung Pseudoephedrine HCI, Actifed PLUS Cough Suppressant dapat memperlemah sebagian daya kerja hipotensif dari obat yang mengganggu aktivitas simpatetik termasuk bretylium, bethanidine bretytium, quanethidine, debrisoquine, methyldopa, dan obat-obat penghambat adrenergik beta dan alpha; Lihat Peringatan dan Perhatian. Antibakteri furazolidone diketahui dapat menyebabkan penghambatan monoamin oksidase yang tergantung dari dosisnya. Meskipun tidak ada laporan mengenai terjadinya krisis hipertensi, sebaiknya furazilidone tidak diberikan bersamaan dengan Actifed PLUS Cough Suppressant; Meskipun tidak ada data yang objektif, penggunaan Actifed PLUS Cough Suppressant bersamaan dengan alkohol atau obat sedatif lainnya yang bekerja pada susunan saraf pusat harur dihindari";;"Triprolidine HCI 1.25 mg; Pseudoephedrine HCI 30 mg; Dextromethorphan HBr 10 mg; Ethanol 9.9 %";"Tidak boleh diberikan pada penderita yang peka terhadap obat simpatomimetik lain misal ephedrine, phenylpropanolamine, phenylephrine, penderita tekanan darah tinggi berat, dan yang mendapat terapi obat antidepresan tipe penghambat Monoamin oksidase MAO; Tidak boleh melebihi dosis yang dianjurkan. Hati-hati penggunaan pada penderita tekanan darah tinggi atau yang mempunyai potensi tekanan darah tinggi atau stroke, seperti pada penderita dengan berat badan berlebih overweight atau penderita usia lanjut; Bila dalam 3 hari gejala-gejala tidak berkurang, segera hubungi dokter atau unit pelayanan kesehatan; Hentikan penggunaan obat ini jika terjadi susah tidur, jantung berdebar, dan pusing; Penderita dengan gangguan jantung dan diabetes melitus; Jangan digunakan jika Alergi terhadap Triprolidine HCL, Pseudoephedrine HCL, Dextromethorphan Hilir, dan komponen lemnya dalam obat ini; Pasien memiliki gangguan ginjal yang parah; Pasien dengan gangguan ginjal ringan dan sedang harus dengan petunjuk dokter; Pasien menggunakan obat-obatan lain untuk meredakan batuk, pilek dan flu, hidung tersumbat; Pasien menggunakan obat-obat lain seperti antidepresan tsiklik, obat stimulan seperti amphetamine kadang digunakan untuk pengobatan penderita gangguan perhatian atau obat penekan nafsu makan; Pasien sedang mengonsumsi antibiotika seperti furazolidone atau linezolid; Pasien mengalami infeksi pada saluran napas, asma, atau masalah pernapasan lainnya";;https://tse.mm.bing.net/th?q=Actifed%20Plus%20Cough%20Suppressant%20merah%20obat%20kemasan
51;Actifed Plus Expectorant Hijau;Batuk Dan Pilek;Meringankan pilek batuk berdahak;All;66000;All: Rp66.000;Sebelum atau sesudah makan;"Dewasa dan anak-anak di atas 12 tahun: 1 sendok takar 5 ml, 3 kali sehari; Anak-anak usia 6-12 tahun: 12 sendok takar 2,5 ml, 3 kali sehari";"Mengantuk; sedasi; gugup; pusing; mulut; hidung atau tenggorokan kering; gelisah; gangguan pencernaan mual; muntah; gangguan perhatian dan koordinasi; halusinasi terutama pada anak-anak; sakit kepala; insomnia; eksitasi; tremor; takikardi; aritmia; palpitasi; sulit berkemih; alergi kemerahan pada kulit; kadang-kadang disertai dengan kesulitan bernafas; pembengkakan wajah atau tenggorokan";"Penggunaan yang bersamaan antara Actifed PLUS Cough Suppressant dengan obat-obat simpatomimetik seperti dekongestan, antidepresan trisiklik, penekan nafsu makan, dan psikostimulan sejenis amphetamine, atau dengan penghambat monoamin oksidase yang mengganggu katabolisme dari simpatomimetik amin, kadang-kadang dapat menyebabkan peningkatan tekanan darah lihat Kontraindikasi; Peringatan dan Perhatian. Karena Actifed PLUS Cough Suppressant mengandung Pseudoephedrine HCI, Actifed PLUS Cough Suppressant dapat memperlemah sebagian daya kerja hipotensif dari obat yang mengganggu aktivitas simpatetik termasuk bretylium, bethanidine bretytium, quanethidine, debrisoquine, methyldopa, dan obat-obat penghambat adrenergik beta dan alpha; Lihat Peringatan dan Perhatian. Antibakteri furazolidone diketahui dapat menyebabkan penghambatan monoamin oksidase yang tergantung dari dosisnya. Meskipun tidak ada laporan mengenai terjadinya krisis hipertensi, sebaiknya furazilidone tidak diberikan bersamaan dengan Actifed PLUS Cough Suppressant; Meskipun tidak ada data yang objektif, penggunaan Actifed PLUS Cough Suppressant bersamaan dengan alkohol atau obat sedatif lainnya yang bekerja pada susunan saraf pusat harur dihindari";;;"Jangan digunakan jika Alergi terhadap Triprolidine HCL, Pseudoephedrine HCL, Dextromethorphan Hilir, dan komponen lemnya dalam obat ini; Pasien memiliki gangguan ginjal yang parah; Pasien dengan gangguan ginjal ringan dan sedang harus dengan petunjuk dokter; Pasien menggunakan obat-obatan lain untuk meredakan batuk, pilek dan flu, hidung tersumbat; Pasien menggunakan obat-obat lain seperti antidepresan tsiklik, obat stimulan seperti amphetamine kadang digunakan untuk pengobatan penderita gangguan perhatian atau obat penekan nafsu makan; Pasien sedang mengonsumsi antibiotika seperti furazolidone atau linezolid";;https://tse.mm.bing.net/th?q=Actifed%20Plus%20Expectorant%20Hijau%20obat%20kemasan
52;Siladex Cough Cold;Batuk Dan Pilek;Untuk meringankan batuk pilek;Cair 100 Ml, Cair 30 Ml, Cair 60 Ml;9500;"Cair 30 Ml: Rp9.500; Cair 60 Ml: Rp16.500; Cair 100 Ml: Rp21.000";Sesudah makan;"Dewasa dan anak-anak diatas 12 tahun: 3 kali sehari 2 sendok takar 10 ml; Anak-anak 6-12 tahun: 3 kali sehari 1 sendok takar 5 ml Anak-anak 4-6 tahun 3 kali sehari 12 sendok takar 2.5 ml";"Gangguan gastrointestinal; mengantuk; pusing; penglihatan kabur; mulut kering; dada terasa sesak";Tidak boleh diberikan secara bersamaan dengan obat antidepresan golongan MAOI;Penggunaan dosis besar dan jangka panjang menyebabkan kerusakan hati;"Dextromethorphan HBr 7.5 mg; Pseudoephedrine HCI 15 mg; Doxylamine Succinate 2 mg";"Anak-anak kurang dari 6 tahun; Konsumsi alkohol; anak di bawah usia 4 tahun; hipersensitivitas; inhibitor monoamine oxidase; olahraga berat dalam cuaca panas";;https://tse.mm.bing.net/th?q=Siladex%20Cough%20Cold%20obat%20kemasan
53;Silex;Batuk Dan Pilek;SILEXdapat membantu meredakan batuk berdahak, membantu melegakan tenggorokan dan pilek;All;85000;All: Rp85.000;Kocok dahulu sebelum diminum. Dikonsumsi sesudah makan;"Dewasa: 1 sendok makan 15 ml, 3-4 kali sehari; Anak-anak: 1 sendok takar 5 ml, 3-4 kali sehari";"Jika dikonsumsi sesuai aturan_pakai dan dosis yang dianjurkan, Silex Sirup 100 Ml umumnya aman; Namun, pada beberapa orang, kandungan thyme di dalam Silex Sirup 100 Ml dapat menimbulkan efek_samping berupa gangguan sakit perut, sakit kepala, atau pusing";"Silex Sirup 100 Ml mengandung sejumlah bahan herbal. Belum diketahui interaksi pasti jika obat ini digunakan Bersama suplemen, obat, atau produk herbal lain; Namun, thyme yang terkandung di dalamnya bisa meningkatkan risiko terjadinya perdarahan jika digunakan bersama obat pengencer darah, Selalu konsultasikan dengan dokter jika Anda berencana mengonsumsi Silex Sirup 100 Ml bersama obat lain";Dalam kasus yang jarang terjadi, sejumlah efek_samping ringan tersebut bisa menjadi parah jika dikonsumsi dalam jangka panjang tanpa resep dokter;"Thymus vulgaris L. herba extract 41.7 mg; Primula veris L. radix extract 10 mg; Althaeae officinalis L. folium extract 58.33 mg; Drosera ramentaceae herba extract 25 mg; Thymus serpyllum L.s.I. herba extract 35 mg; Ol. Eucalypti; Ol. Anisi; Menthol; Ol. Menthae; Sodium saccharin";Tidak boleh digunakan pada pasien yang telah diketahui memiliki alergi terhadap kandungan obat Silex Sirup;;https://tse.mm.bing.net/th?q=Silex%20obat%20kemasan
54;Demacolin Cair;Flu;Untuk meringankan gejala flu seperti demam, sakit kepala, hidung tersumbat dan bersin-bersin;All;18500;All: Rp18.500;Sebelum atau sesudah makan;"Anak-anak 2 - 5 tahun: 1 sendok takar 5 ml, 3 kali sehari; Anak-anak 6 - 12 tahun: 2 sendok takar 5 ml, 3 kali sehari";"Mengantuk; gangguan pencernaan; insomnia; gelisah; eksitasi; tremor; takikardi; aritmia ventrikuler; mulut kering; palpitasi; sulit berkemih; Penggunaan dosis besar dan jangka panjang menyebabkan kerusakan hati";Penggunaan bersama antidepresan tipe penghambat MAO dapat mengakibatkan krisis hipertensi;Penggunaan jangka panjang menyebabkan kerusakan hati;"Paracetamol 120 mg; Pseudoephedrine HCl 7.5 mg; Chlorpheniramine maleate 1 mg";"Tidak boleh diberikan pada penderita yang peka terhadap obat simpatomimetik lain misal efedrin, fenilpropanolamin, fenilefrin, penderita tekanan darah tinggi berat, dan yang mendapat terapi obat antidepresan tipe penghambat Monoamin Oksidase MAO; Tidak boleh melebihi dosis yang dianjurkan; Hati-hati penggunaan pada penderita tekanan darah tinggi atau yang mempunyai potensi tekanan darah tinggi atau stroke, seperti pada penderita dengan berat badan berlebih overweight atau penderita usia lanjut; Bila dalam 3 hari gejala flu tidak berkurang segera hubungi dokter atau unit pelayanan kesehatan; Hentikan penggunaan obat ini jika terjadi susah tidur, jantung berdebar dan pusing; Penderita yang hipersensitif terhadap komponen obat ini; Penderita dengan gangguan fungsi hati yang berat";;https://tse.mm.bing.net/th?q=Demacolin%20Cair%20obat%20kemasan
55;Vicks Formula 44 Anak-anak;Batuk;Untuk meringankan batuk;All;23000;All: Rp23.000;sesudah makan;"2-6 tahun: 1 sendok takar 5 mL; 6-12 tahun: 2 sendok takar 10 mL; 12 tahun ke atas: 4 sendok takar 20 mL";"Pada dosis besar dapat terjadi depresi saluran pernafasan; Jarang menimbulkan rasa mengantuk, mual atau pusing";Dapat terjadi rangsangan susunan saraf pusat dan depresi pernafasan yang berat pada pemberian bersamaan dengan penghambat MAO;hindari penggunaan jangka panjang;"Dextromethorphan Hydrobromide 3.5 mg; Guaifenesin (Glyceryl Guaiacolate) 50 mg";Penderita hipersensitif, penyakit hati atau kegagalan pernafasan;;https://tse.mm.bing.net/th?q=Vicks%20Formula%2044%20Anak-anak%20obat%20kemasan
56;OB Herbal Anak-anak;Batuk;Membantu meredakan batuk berdahak dan melegakan tenggorokan;All;16500;All: Rp16.500;Diberikan sesudah makan. Kocok dahulu sebelum diminum;Anak-anak 6-12 tahun: 3 x 2 sendok takar 10 ml;OB Herbal Junior Sirup umumnya jarang menimbulkan efek_samping jika digunakan sesuai dengan aturan pemakaianya;"Peningkatan risiko terjadinya memar atau perdarahan jika digunakan dengan nifedipine, serta antikoagulan atau antiplatelet, seperti phenprocoumon atau warfarin; Peningkatan risiko terjadinya efek_samping dari losartan, cyclosporine, dan metronidazole; Peningkatan risiko penurunan tekanan darah secara berlebihan jika digunakan dengan antagonis kalsium, antihipertensi, atau diuretik; Peningkatan risiko penurunan kadar gula darah secara berlebihan jika digunakan dengan obat diabetes";Tidak untuk digunakan lebih dari 6 minggu;"Zingiberis officinalle Rhizoma 2.2 g; Menthae arvensidis Folium 2.173 g; Phyllanthus niruri Herba 0.5 g; Kaempferiae galanga Rhizoma 0.5 g; Citrus aurantifolii Fructus 0.5 g; Thymus vulgaris Herba 0.5 g; Myristicae fragransis Semen 0.25 g; Glycyrrhizae glabra Radix 0.178 g; Madu (Mel Depuratum) 0.2 g; Succus Licorice Liquid 20 mg; Oleum Menthae Piperitae 0.02 mg";"Pada pasien hipertensi; hepatitis kronik; gangguan ginjal berat; diabetes";;https://tse.mm.bing.net/th?q=OB%20Herbal%20Anak-anak%20obat%20kemasan
57;Laserin Madu;Batuk;Membantu meredakan batuk dan melegakan tenggorokan;Cair 100 Ml / Box, Cair 30 Ml / Box, Cair 30 Ml / Pcs, Cair 60 Ml / Box;7000;"Cair 30 Ml / Pcs: Rp7.000; Cair 30 Ml / Box: Rp25.000; Cair 60 Ml / Box: Rp16.500; Cair 100 Ml / Box: Rp23.500";berikan sesudah makan;Anak-Anak: 3 x sehari 1-2 sendok teh 5-10 ml;;;hindari penggunaan jangka panjang;"Cinnamomum burmanii cortex 85.7 mg; Piper betle folium 148.2 mg; Syzygium aromaticum llos 10.7 mg; Zingiber officinale rhizome 612.5 mg; PEuphorbia hirta herba 3.5 mg; Amomi compacti fructus 5.3 mg; Abrus precatorius folium 17.8 mg; Hibiscus tilliaceus folium 1.8 mg; Mentha arvensis folium 0.6 mg; Glycyrrhiza glabra radix ekstrak 5.3 mg; Mel Depuratum 267.8 mg; Gula; Sodium Benzoat Anise Oil; Ess. Sarsaparilla";Pada pasien yang memiliki riwayat hipersensitifitas terhadap kandungan komposisi pada produk ini;;https://tse.mm.bing.net/th?q=Laserin%20Madu%20obat%20kemasan
58;Bisolvon Kids;Batuk;BISOLVON bekerja sebagai mukolitik untuk meredakan batuk berdahak;All;53500;All: Rp53.500;berikan sesudah makan;"Dewasa dan Anak 10 tahun: 3 x 10 ml per hari; Anak 5 - 10 tahun: 3 x 5 ml per hari; Anak 2 - 5 tahun: 2 x 5 ml per hari";"Reaksi sensitif kekebalan tubuh; Gangguan sistem pencernaan; Gangguan kulit seperti ruam; Gangguan pernapasan";Tidak ada laporan interaksi klinis yang tidak menyenangkan dengan obat ini;Jangan menggunakan obat lebih dari 14 hari tanpa anjuran dari dokter;amine hydrochloride 4 mg;BISOLVON tidak boleh digunakan oleh penderita yang hipersensitif terhadap bromheksin HCl atau komponen lain dalam formula. Pada kasus tertentu yang sifatnya jarang yaitu kondisi dimana terdapat ketidakcocokan dengan zat tambahan yang terkandung dalam produk obat tersebut penggunaan produk dikontraindikasikan;;https://tse.mm.bing.net/th?q=Bisolvon%20Kids%20obat%20kemasan
59;Bisolvon Solution;Batuk;BISOLVON bekerja sebagai mukolitik untuk meredakan batuk berdahak;All;102000;All: Rp102.000;berikan sesudah makan;"Anak 5 - 10 tahun: 3 x 2 ml per hari; Anak 2 - 5 tahun: 2 x 2 ml per hari";"Reaksi sensitif kekebalan tubuh; Gangguan sistem pencernaan; Gangguan kulit seperti ruam; Gangguan pernapasan";Tidak ada laporan interaksi klinis yang tidak menyenangkan dengan obat ini;Jangan menggunakan obat lebih dari 14 hari tanpa anjuran dari dokter;amine hydrochloride 2 mg;BISOLVON tidak boleh digunakan oleh penderita yang hipersensitif terhadap bromheksin HCl atau komponen lain dalam formula. Pada kasus tertentu yang sifatnya jarang yaitu kondisi dimana terdapat ketidakcocokan dengan zat tambahan yang terkandung dalam produk obat tersebut penggunaan produk dikontraindikasikan;;https://tse.mm.bing.net/th?q=Bisolvon%20Solution%20obat%20kemasan
60;Termorex Plus;Batuk Dan Flu;Meringankan gejala flu seperti demam, sakit kepala, hidung tersumbat dan bersin-bersin yang disertai batuk;Cair 30 Ml, Cair 60 Ml;10500;"Cair 30 Ml: Rp10.500; Cair 60 Ml: Rp16.500";sebelum atau sesudah makan;"2-5 tahun: 1 sendok takar 3 x sehari; 6-12 tahun: 2 sendok takar 3 x sehari";"Mengantuk; gangguan pencernaan; insomnia; gelisah; eksitasi; tremor; takikardi; aritmia ventrikuler; mulut kering; palpitasi; sulit berkemih; Penggunaan dosis besar dan jangka panjang dapat menyebabkan kerusakan hati";Penggunaan bersama antidepresan tipe penghambat MAO dapat mengakibatkan krisis hipertensi;potensi terjadinya kerusakan hati sangat tinggi terutama pada pemakaian jangka panjang;"Paracetamol 120 mg; Pseudoephedrine HCI 7.5 mg; Guaifenesin 25 mg; Chlorphenamine Maleate 0.5 mg";"Penderita yang hipersensitif terhadap komponen obat ini; Penderita dengan gangguan fungsi hati yang berat";;https://tse.mm.bing.net/th?q=Termorex%20Plus%20obat%20kemasan
61;Nellco Special PE Anak-anak;Batuk Dan Flu;Untuk meringankan gejala-gejala flu seperti demam, sakit kepala, hidung tersumbat dan bersin-bersin yang disertai batuk;All;22000;All: Rp22.000;Kocok Dahulu Sebelum Dipakai;Anak-anak 6-12 tahun: sehari 3 x 10 ml;"Mengantuk; gangguan pencernaan; insomnia; gelisah; eksitasi; tremor; takikardi; aritmia; mulut kering; palpitasi; retensi urin; Penggunaan dosis besar dan jangka panjang menyebabkan kerusakan hati";Penggunaan bersama antidepresan tipe penghambat MAO dapat mengakibatkan krisis hipertensi;pada penggunaan jangka panjang, dapat meningkatkan resiko kerusakan ginjal termasuk gagal ginjal akut;"Succus Liquiritiae 100 mg; Phenylephrine HCI 1 mg; Chlorphenamine Maleate 1 mg; Ammonium Chloride 40 mg; Paracetamol 120 mg";"Tidak boleh diberikan pada penderita yang peka terhadap obat simpatomimetik lain misal efedrin, fenilpropanolamin, fenilefrin, penderita tekanan darah tinggi berat, dan yang mendapat terapi obat antidepresan tipe penghambat Monoamin Oksidase MAO; Tidak boleh melebihi dosis yang dianjurkan; Hati-hati penggunaan pada penderita tekanan darah tinggi atau yang mempunyai potensi tekanan darah tinggi atau stroke, seperti pada penderita dengan berat badan berlebih overweight atau penderita usia lanjut; Bila dalam 3 hari gejala flu tidak berkurang segera hubungi dokter atau unit pelayanan kesehatan; Hentikan penggunaan obat ini jika terjadi susah tidur, jantung berdebar dan pusing; Penderita dengan gangguan jantung dan diabetes mellitus; Penderita dengan gangguan fungsi hati yang berat; Penderita Hipersensitif terhadap komponen obat ini";;https://tse.mm.bing.net/th?q=Nellco%20Special%20PE%20Anak-anak%20obat%20kemasan
62;OBH Combi Anak Batuk + Flu;Batuk Dan Flu;Untuk meredakan batuk yang disertai gejala-gejala flu seperti demam, sakit kepala, hidung tersumbat dan bersin-bersin;All;18000;All: Rp18.000;dikonsumsi sesudah makan;"umur 2-5 tahun: sehari 3 x 5 ml; umur 6-12 tahun: sehari 3 x 10 ml";"Mengantuk; gangguan pencernaan; insomnia; gelisah; eksitasi; tremor; takikardia; aritmia; mulut kering; palpitasi; retensi urine; Penggunaan dosis besar dan jangka panjang menyebabkan kerusakan hati";Penggunaan bersama antidepresan tipe penghambat MAO dapat mengakibatkan krisis hipertensi;Penggunaan dosis besar dan jangka panjang menyebabkan kerusakan hati;"succus Liquiritiae 100 mg; Paracetamol 200 mg; Ammonium Chloride 50 mg; Pseudoephedrine HCL 7.5 mg; Chlorpheniramine Maleate 1 mg";"Tidak boleh diberikan pada penderita yang peka terhadap obat simpatomimetik lain misal efedrin, fenilpropanolamin, fenilefrin, penderita tekanan darah tinggi berat, dan yang mendapat terapi obat antidepresan tipe penghambat Monoamin Oksidase MAO; Tidak boleh melebihi dosis yang dianjurkan; Hati-hati penggunaan pada penderita tekanan darah tinggi atau yang mempunyai potensi tekanan darah tinggi atau stroke, seperti pada penderita dengan berat badan berlebih overweight atau penderita usia lanjut; Bila dalam 3 hari gejala flu tidak berkurang segera hubungi dokter atau unit pelayanan kesehatan; Hentikan penggunaan obat ini jika terjadi susah tidur, jantung berdebar dan pusing; Penderita dengan gangguan jantung dan diabetes mellitus; Penderita dengan gangguan fungsi hati yang berat; Penderita Hipersensitif terhadap komponen obat ini";;https://tse.mm.bing.net/th?q=OBH%20Combi%20Anak%20Batuk%20%2B%20Flu%20obat%20kemasan
63;Hufagripp Flu Batuk;Batuk Dan Flu;Meringankan gejala-gejala flu seperti demam, sakit kepala, hidung tersumbat, dan bersin-bersin yang disertai batuk berdahak;All;24000;All: Rp24.000;dikonsumsi sesudah makan;"umur 6-12 tahun: 3 x sehari 2 sendok takar (10 ml); umur 2-6 tahun: 3 x sehari 2 sendok takar (5 ml)";"Mengantuk; gangguan pencernaan; gelisah; insomnia; eksitasi; tremor; takikardi; aritmia ventrikel; mulut kering; palpitasi dan sulit berkemih; Pemakaian dosis berlebih dan jangka panjang dapat menyebabkan kerusakan hati";Penggunaan bersama antidepresan tipe penghambat MAO dapat mengakibatkan resiko hipertensi;konsumsi dalam jangka panjang akan berpengaruh ke tubuh;"Paracetamol 120 mg; Pseudoephedrine HCI 7.5 mg; Chlorphenamine Maleate 0.5 mg; Guaifenesin 50 mg";"Tidak boleh diberikan pada penderita yang peka terhadap obat simpatomimetik lain misal efedrin, fenilpropanolamin, fenilefrin, penderita tekanan darah tinggi berat, dan yang mendapat terapi obat antidepresan tipe penghambat Monoamin Oksidase MAO; Tidak boleh melebihi dosis yang dianjurkan; Hati-hati penggunaan pada penderita tekanan darah tinggi atau yang mempunyai potensi tekanan darah tinggi atau stroke, seperti pada penderita dengan berat badan berlebih overweight atau penderita usia lanjut; Bila dalam 3 hari gejala flu tidak berkurang segera hubungi dokter atau unit pelayanan kesehatan; Hentikan penggunaan obat ini jika terjadi susah tidur, jantung berdebar dan pusing; Penderita dengan riwayat hipersensitif Paracetamol, Penderita dengan riwayat hipersensitif Paracetamol, Penderita dengan riwayat hipersensitif Paracetamol, Pseudoephedrine HCl, Chlorphenamine Maleate dan Guaiafenesin; Penderita dengan gangguan fungsi hati yang berat";;https://tse.mm.bing.net/th?q=Hufagripp%20Flu%20Batuk%20obat%20kemasan
64;Coparcetin;Batuk Dan Flu;Meringankan gejala-gejala flu seperti demam, sakit kepala, hidung tersumbat dan bersin-bersin yang disertai batuk berdahak;All;9500;All: Rp9.500;sesudah makan;"6-12 tahun: 3 x sehari 2 sendok takar 10 ml; 2-6 tahun: 3 x sehari 1 sendok takar 5 ml";"Mengantuk; gangguan pencernaan; gelisah; insomnia; eksitasi; tremor; takikardi; aritmiaventrikel; mulut kering; palpitasi; dan sulit berkemih; Pemakaian dosis berlebih dan jangka panjang dapat menyebabkan kerusakan hati";Penggunaan bersama antidepresan tipe penghambat MAO dapat mengakibatkan resiko hipertensi;Penggunaan dosis besar dan jangka panjang menyebabkan kerusakan hati;"Paracetamol 120 mg; Guaifenesin 50 mg; Pseudoephedrine HCI 7.5 mg; Chlorphenamine Maleate 0.5 mg; Ethanol 96 %; Povidon K-30; Methylparaben; Sucrose; Saccharin Sodium; Sodium Cyclamate; Sucralose; Citric Acid Anhydrate; Sodium Citrate Dihidrate; Sodium Chloride; Ponceau 4R; Framboise Essence; Strawberry Essence; Ethyl Maitol; Alcohol 96 %; Propylene Glycol; Glycerol; Sorbitol Solution 70; Purified Water";"Tidak boleh diberikan pada penderita yang peka terhadap obat simpatomimetik lain misal efedrin, fenilpropanolamin, fenilefrin, penderita tekanan darah tinggi berat, dan yang mendapat terapi obat antidepresan tipe penghambat Monoamin Oksidase MAO; Tidak boleh melebihi dosis yang dianjurkan; Hati-hati penggunaan pada penderita tekanan darah tinggi atau yang mempunyai potensi tekanan darah tinggi atau stroke, seperti pada penderita dengan berat badan berlebih overweight atau penderita usia lanjut; Bila dalam 3 hari gejala flu tidak berkurang segera hubungi dokter atau unit pelayanan kesehatan; Hentikan penggunaan obat ini jika terjadi susah tidur, jantung berdebar dan pusing; Penderita dengan riwayat hipersensitif Paracetamol, Penderita dengan riwayat hipersensitif Paracetamol, Penderita dengan riwayat hipersensitif Paracetamol, Pseudoephedrine HCl, Chlorphenamine Maleate dan Guaiafenesin; Penderita dengan gangguan fungsi hati yang berat";;https://tse.mm.bing.net/th?q=Coparcetin%20obat%20kemasan
65;Bronchitin Expectorant;Batuk Dan Flu;Untuk sementara meredakan gejala demam, hidung tersumbat, dan batuk berdahak;All;7500;All: Rp7.500;Sesudah makan. Kocok dahulu sebelum diminum;Anak 6-12 tahun: 5 ml tiap 6-8 jam, maksimal 4 dosis dalam 24 jam;"Mengantuk; jantung berdebar; mulut kering; Mual; muntah; nyeri kepala; gatal-gatal di kulit; Penggunaan paracetamol dosis besar dan jangka panjang dapat menyebabkan kerusakan hati";"Paracetamol dosis tinggi dapat memperkuat efek obat warfarin; Penggunaan bersamaan dengan obat antikejang atau obat antituberkulosis isoniazid jangka panjang dapat meningkatkan risiko kerusakan hati; Obat penghambat MAO seperti antidepresi dan anti-Parkinson memperkuat efek phenylephrine Obat golongan alfa-bloker dan beta-bloker dapat efek phenylephrine; Penggunaan guaifenesin bersamaan dengan antibiotika amoksisilin, sefuroksim dan doksisiklin akan meningkatkan kadar antibiotik dalam darah";Penggunaan dosis besar dan jangka panjang menyebabkan kerusakan hati;"Paracetamol 120 mg; Guaifenesin 100 mg; Phenylephrine 2.5 mg";"Penderita yang terlalu sensitif terhadap komponen obat; Pada penderita dengan gangguan fungsi hati dan penyakit hati yang aktif";;https://tse.mm.bing.net/th?q=Bronchitin%20Expectorant%20obat%20kemasan
66;Bodrexin Flu Batuk Tidak Berdahak DPH;Batuk Dan Flu;Meringankan gejala flu seperti demam, sakit kepala, hidung tersumbat dan bersin-bersin yang disertai batuk tidak berdahak;All;14000;All: Rp14.000;sesudah makan;"Anak umur 2-6 tahun: Sesuai petunjuk dokter; Anak umur 6-12 tahun: 3 kali sehari 2 sendok takar";"Mengantuk; gangguan pencernaan; gangguan psikomotor; takikardia; aritmia; mulut kering; palpitasi; retensi urin; Penggunaan dosis besar dan jangka panjang menyebabkan kerusakan hati";Penggunaan bersama antidepresan tipe penghambat MAO dapat mengakibatkan krisis hipertensi;bisa menyebabkan adanya kerusakan fungsi hati dan reaksi hipersensitivitas;"Paracetamol 120 mg; Phenylephrine HCI 2.5 mg; Diphenhydramine HCI 12.5 mg; Chlorphenamine Maleate 1 mg";"Tidak boleh diberikan pada penderita yang peka terhadap obat simpatomimetik lain misal efedrin, fenilpropanolamin, fenilefrin, penderita tekanan darah tinggi berat, dan yang mendapat terapi obat antidepresan tipe penghambat Monoamin Oksidase MAO; Tidak boleh melebihi dosis yang dianjurkan; Hati-hati penggunaan pada penderita tekanan darah tinggi atau yang mempunyai potensi tekanan darah tinggi atau stroke, seperti pada penderita dengan berat badan berlebih overweight atau penderita usia lanjut; Bila dalam 3 hari gejala flu tidak berkurang segera hubungi dokter atau unit pelayanan kesehatan; Hentikan penggunaan obat ini jika terjadi susah tidur, jantung berdebar dan pusing; Penderita dengan riwayat hipersensitif Paracetamol, Penderita dengan riwayat hipersensitif Paracetamol, Penderita dengan riwayat hipersensitif Paracetamol, Pseudoephedrine HCl, Chlorphenamine Maleate dan Guaiafenesin; Penderita dengan gangguan fungsi hati yang berat";;https://tse.mm.bing.net/th?q=Bodrexin%20Flu%20Batuk%20Tidak%20Berdahak%20DPH%20obat%20kemasan
67;Bodrexin Flu Batuk PE;Batuk Dan Flu;Meringankan gejala flu seperti demam, sakit kepala, hidung tersumbat dan bersin-bersin yang disertai batuk berdahak;All;14000;All: Rp14.000;sesudah makan;"Anak umur 2 <6 tahun: sesuai petunjuk dokter; Anak umur 6-12 tahun: 3 x sehari 2 sendok takar";"Mengantuk; gangguan pencernaan; gangguan psikomotor; takikardia; aritmia; mulut kering; palpitasi; retensi urin; vertigo; Penggunaan dosis besar dan jangka panjang menyebabkan kerusakan hati; Gangguan sistem kekebalan tubuh jarang; reaksi anafilaksis termasuk syok anafilaksis; angioedema dan pruritus; Gangguan kulit dan bawah kulit jarang; ruam; urtikaria belum ada data; reaksi kulit serius eritema multiforme; sindroma Stevens-Johnsonnekrolisis epiderma toksis dan pustulosis exanthema akul";Penggunaan bersama antidepresan tipe penghambat MAO dapat mengakibatkan krisis hipertensi;bisa menyebabkan adanya kerusakan fungsi hati dan reaksi hipersensitivitas;"Paracetamol 120 mg; Phenylephrine HCI 2.5 mg; Guaifenesin 25 mg; Bromhexine HCI 2 mg; Chlorphenamine Maleate 1 mg";"Tidak boleh diberikan pada penderita yang peka terhadap obat simpatomimetik lain misal efedrin, fenilpropanolamin, fenilefrin, penderita tekanan darah tinggi berat, dan yang mendapat terapi obat antidepresan tipe penghambat Monoamin Oksidase MAO; Tidak boleh melebihi dosis yang dianjurkan; Hati-hati penggunaan pada penderita tekanan darah tinggi atau yang mempunyai potensi tekanan darah tinggi atau stroke, seperti pada penderita dengan berat badan berlebih overweight atau penderita usia lanjut; Bila dalam 3 hari gejala flu tidak berkurang segera hubungi dokter atau unit pelayanan kesehatan; Hentikan penggunaan obat ini jika terjadi susah tidur, jantung berdebar dan pusing; Penderita dengan riwayat hipersensitif Paracetamol, Penderita dengan riwayat hipersensitif Paracetamol, Penderita dengan riwayat hipersensitif Paracetamol, Pseudoephedrine HCl, Chlorphenamine Maleate dan Guaiafenesin; Penderita dengan gangguan fungsi hati yang berat";;https://tse.mm.bing.net/th?q=Bodrexin%20Flu%20Batuk%20PE%20obat%20kemasan
68;Anakonidin OBH;Batuk Dan Flu;Untuk meredakan batuk dan gejala flu seperti demam, sakit kepala, hidung tersumbat serta bersin-bersin;Cair 30 Ml, Cair 60 Ml;9000;"Cair 30 Ml: Rp9.000; Cair 60 Ml: Rp14.500";sesudah makan;"Anak 2-6 tahun: 3 kali sehari 1 sendok takar 5 ml; Anak 6-12 tahun: 3 kali sehari 2 sendok takar 10 ml";"Mengantuk; gangguan pencernaan; gangguan psikomotor; takikardi; aritmia; mulut kering palpinas retens un pencernaan dosis besar dan jangka panjang menyebabkan kerusakan hati";Penggunaan bersama antidepresan tipe penghambat MAO dapat mengakibatkan krisis hipertensi;dapat meningkatkan resiko kerusakan ginjal termasuk gagal ginjal akut;"Paracetamol 120 mg; Succus Liquiritiae 100 mg; Ammonium Chloride 50 mg; Pseudoephedrine HCI 7.5 mg; Chlorphenamine Maleate 1 mg";"Penderita dengan gangguan fungsi hati yang berat; gangguan jantung dan diabetes mellitus Penderita yang hipersensitif terhadap komponen obat ini";;https://tse.mm.bing.net/th?q=Anakonidin%20OBH%20obat%20kemasan
69;Anacetine;Batuk Dan Flu;Untuk meringankan demam, sakit kepala, dan bersin-bersin yang disertai batuk;All;10500;All: Rp10.500;sesudah makan;"Anak usia 2-6 tahun: 3x sehari 1 sendok takar 5 ml; Anak usia 6-12 tahun: 3x sehari 2 sendok takar 10 ml";"Mengantuk; gangguan pencernaan; gangguan psikomotor; takikardi; aritmia; mulut kering; palpitasi; Penggunaan dosis besar dan jangka panjang menyebabkan kerusakan hati";"Paracetamol dapat berinteraksi dengan antikoagulan oral dan antidiuretik hormon; Chlorphenamine dapat menghalangi metabolisme fenitoin";Penggunaan dosis besar dan jangka panjang menyebabkan kerusakan hati;"Paracetamol 120 mg; Guaifenesin 25 mg; Chlorphenamine Maleate 0.5 mg";"Penderita dengan gangguan fungsi hati; Penderita yang hipersensitif terhadap komponen obat ini";;https://tse.mm.bing.net/th?q=Anacetine%20obat%20kemasan
70;Triaminic Batuk dan Pilek;Batuk Dan Pilek;Meredakan batuk tidak berdahak dan melegakan hidung tersumbat karena pilek;All;84500;All: Rp84.500;Dikonsumsi sebelum atau sesudah makan;"di bawah 6 th: atas petunjuk dokter; 6-12 th: 1 sendok takar 5 ml 3x sehari; di atas 12 th: 2 sendok takar 10 ml 3x sehari";"efek_samping yang mungkin terjadi selama penggunaan Triaminic Batuk Pilek antara lain mual; muntah; mulit kering dan pusing";"Obat batuk dan pilek Triaminic sebaiknya tidak digunakan bersamaan dengan; Obat golongan simpatomimetik; Obat antidepresan, terutama golongan SSP; Zat anestesi berhalogenasi";Tidak semua orang boleh menggunakan obat ini dalam jangka waktu lama;"Dextromethorphan HBr 5 mg; Pseudoephedrine HCI 15 mg";Pasien yang memiliki riwayat hipersensitif terhadap salah satu komposisi dari Triaminic Batuk Pilek;;https://tse.mm.bing.net/th?q=Triaminic%20Batuk%20dan%20Pilek%20obat%20kemasan
71;Hufagripp Batuk Pilek;Batuk Dan Pilek;Untuk meringankan batuk tidak berdahak dan pilek;All;20500;All: Rp20.500;dikonsumsi sesudah makan;"Dewasa - Anak 12 tahun: 3 x sehari 2 sendok takar; Anak 6-12 tahun: 3x sehari 1 sendok takar; Anak 2-6 tahun: 3 x sehari sendok takar; Anak 2 tahun: menurut petunjuk dokter";"Mengantuk; sakit kepala; insomnia; eksitasi; takikardia; aritmia; tremor; palpitasi; mulut kering; sedasi; retensi urine; gangguan saluran pencernaan; gangguan psikomotor";"Penggunaan bersamaan dengan obat anti depresan tipe penghambat MAO dapat mengakibatkan krisis hipertensi; Antasida dapat meningkatkan efek Pseudoephedrin HCI; Penggunaan bersamaan dengan alkohol, depresan SSP, anti kolinergik dapat mengakibatkan mengantuk, pusing, hilang koordinasi otot dan kewaspadaan mental";konsumsi dalam jangka panjang akan berpengaruh ke tubuh;;"Tidak boleh diberikan pada penderita yang peka terhadap obat simpatomimetik lain misal efedrin, fenilpropanolamin, fenilefrin, penderita tekanan darah tinggi berat, dan yang mendapat terapi obat antidepresan tipe penghambat Monoamin Oksidase MAO; Tidak boleh melebihi dosis yang dianjurkan; Hati-hati penggunaan pada penderita tekanan darah tinggi atau yang mempunyai potensi tekanan darah tinggi atau stroke, seperti pada penderita dengan berat badan berlebih overweight atau penderita usia lanjut; Bila dalam 3 hari gejala flu tidak berkurang segera hubungi dokter atau unit pelayanan kesehatan; Hentikan penggunaan obat ini jika terjadi susah tidur, jantung berdebar dan pusing; Penderita dengan gangguan jantung dan diabetes melitus";;https://tse.mm.bing.net/th?q=Hufagripp%20Batuk%20Pilek%20obat%20kemasan
72;Anakonidin;Batuk Dan Pilek;Untuk meringankan batuk dan pilek;Cair 30 Ml, Cair 60 Ml;9000;"Cair 30 Ml: Rp9.000; Cair 60 Ml: Rp14.000";sesudah makan;"2-5 tahun: 3 x sehari 2 sendok takar 5 ml; 6-12 tahun: 3 x sehari 2 sendok takar 10 ml";"Mengantuk; gangguan pencernaan; sakit kepala; insomnia; eksitasi; tremor; takikardi; aritmia; mulut kering; palpitasi; sulit berkemih";Penggunaan bersama antidepresan tipe penghambat MAO dapat mengakibatkan krisis hipertensi;pada penggunaan jangka panjang, dapat meningkatkan resiko kerusakan ginjal termasuk gagal ginjal akut;"Dextromethorphan HBr 5 mg; Guaifenesin 25 mg; Pseudoephedrine HCI 7.5 mg; Chlorphenamine Maleate 0.5 mg";"Tidak boleh diberikan pada penderita yang peka terhadap obat simpatomimetik lain misal efedrin, fenilpropanolamin, fenilefrin, penderita tekanan darah tinggi berat, dan yang mendapat terapi obat antidepresan tipe penghambat Monoamin Oksidase MAO; Tidak boleh melebihi dosis yang dianjurkan; Hati-hati penggunaan pada penderita tekanan darah tinggi atau yang mempunyai potensi tekanan darah tinggi atau stroke, seperti pada penderita dengan berat badan berlebih overweight atau penderita usia lanjut; Bila dalam 3 hari gejala flu tidak berkurang segera hubungi dokter atau unit pelayanan kesehatan; Hentikan penggunaan obat ini jika terjadi susah tidur, jantung berdebar dan pusing; Penderita yang hipersensitif terhadap komponen obat ini";;https://tse.mm.bing.net/th?q=Anakonidin%20obat%20kemasan
73;Decolgen Kids Flu;Flu;Untuk meringankan gejala flu seperti demam, sakit kepala, bersin-bersin dan hidung tersumbat;All;13000;All: Rp13.000;sebelum atau sesudah makan;"Anak 6-12 tahun: 10 mL 2 sendok takar, 3 kali sehari; Dewasa dan anak 12 tahun: 20 mL 4 sendok takar, 3 kali sehari";"Mengantuk; gangguan pencernaan; insomnia; gelisah; eksitasi; tremor; takikardia; aritmia; ventrikel; mulut kering; palpitasi; retensi urin; Penggunaan dosis besar dan jangka panjang menyebabkan kerusakan hati";Penggunaan bersamaan dengan obat antidepresan tipe penghambat MAO dapat mengakibatkan krisis hipertensi;sebaiknya Anda tidak mengonsumsi obat jangka panjang untuk mengatasi gejala agar terhindar dari risiko bahaya pada tubuh;;"Tidak boleh diberikan pada penderita yang peka terhadap obat simpatomimetik lain misal efedrin, fenilpropanolamin, fenilefrin, penderita tekanan darah tinggi berat, dan yang mendapat terapi obat antidepresan tipe penghambat Monoamin Oksidase MAO; Tidak boleh melebihi dosis yang dianjurkan; Hati-hati penggunaan pada penderita tekanan darah tinggi atau yang mempunyai potensi tekanan darah tinggi atau stroke, seperti pada penderita dengan berat badan berlebih overweight atau penderita usia lanjut; Bila dalam 3 hari gejala flu tidak berkurang segera hubungi dokter atau unit pelayanan kesehatan; Hentikan penggunaan obat ini jika terjadi susah tidur, jantung berdebar dan pusing; Penderita dengan riwayat hipersensitif Paracetamol, Penderita dengan riwayat hipersensitif Paracetamol, Penderita dengan riwayat hipersensitif Paracetamol, Pseudoephedrine HCl, Chlorphenamine Maleate dan Guaiafenesin; Penderita dengan gangguan fungsi hati yang berat";;https://tse.mm.bing.net/th?q=Decolgen%20Kids%20Flu%20obat%20kemasan
74;Triaminic Pilek;Pilek;Meringankan bersin-bersin dan Melegakan hidung tersumbat karena pilek;All;83500;All: Rp83.500;sebelum atau sesudah makan;"Usia 2-6 tahun: 12 Sendok takar 2,5 ml 3 x Sehari; Diatas 6-12 tahun: 1 Sendok takar 5 ml 3 x Sehari; Diatas 12 tahun: 2 Sendok takar 10 ml 3 x Sehari";"Chlorphenamine maleate dapat menyebabkan kantuk dan mulut kering; Pseudoephedrine HCl dapat menyebabkan perasaan mabuk gamang; nyeri kepala; mual; muntah; berkeringat; haus; takikardia; nyeri prekordial; palpitasi; kesulitan berkemih; kelemahan otot dan tremor; kecemasan; kegelisahan; insomnia kesulitan tidur; hipertensi; mulut kering; midriasis pembesaran pupil dan permasalahan lambung; Aritmia ventrikular dapat terjadi; Pada pasien-pasien dengan pembesaran prostat dapat menyebabkan kesulitan berkemih";"Penggunaan bersamaan dengan inhibitor penghambat monoamin oksidase di kontra-indikasikan; Penggunaan bersamaan dapat memperpanjang dan meningkatkan efek-efek Pseudoephedrine HCI pada perangsangan jantung dan vasopresor, yang berakibat pada krisis hipertensi danatau krisis hiperpireksia. Interaksi ini masih mungkin berlanjut sampai 2 minggu setelah penggunaan inhibitor penghambat MAO; Pseudoephedrine HCl dapat mengurangi efek beberapa zat obat antihipertensi guanetidin dan turunannya; Pseudoephedrine HCI dapat berinteraksi dengan obat-obat anestesi berhalogen; Efek pengobatan yang bekerja sentral simpatomimetika, antidepresi dapat ditingkatkan oleh Pseudoephedrine HCI atau Chlorphenamine maleate";Tidak semua orang boleh menggunakan obat ini dalam jangka waktu lama;;"Tidak boleh diberikan pada penderita yang peka terhadap obat simpatomimetik lain misal efedrin, fenilpropanolamin, fenilefrin, penderita tekanan darah tinggi berat, dan yang mendapat terapi obat antidepresan tipe penghambat Monoamin Oksidase MAO; Tidak boleh melebihi dosis yang dianjurkan; Hati-hati penggunaan pada penderita tekanan darah tinggi atau yang mempunyai potensi tekanan darah tinggi atau stroke, seperti pada penderita dengan berat badan berlebih overweight atau penderita usia lanjut; Bila dalam 3 hari gejala flu tidak berkurang segera hubungi dokter atau unit pelayanan kesehatan; Hentikan penggunaan obat ini jika terjadi susah tidur, jantung berdebar dan pusing; Penderita hipersensitif terhadap komponen obat ini; Penderita gangguan jantung dan diabetes mellitus";;https://tse.mm.bing.net/th?q=Triaminic%20Pilek%20obat%20kemasan
75;Rhinos Junior;Pilek;Meringankan bersin-bersin dan hidung tersumbat karena pilek;All;64500;All: Rp64.500;dapat diberikan bersama atau tanpa makanan;"Dewasa dan anak-anak lebih dari 12 tahun: 10 ml, tiga kali sehari; Anak-anak 6-12 tahun: 5 ml, tiga kali sehari; Anak-anak 2-5 tahun: 2,5 ml, tiga kali sehari; Anak-anak di bawah 2 tahun: atas petunjuk dokter";"Insomnia; Sakit kepala; Gemetar; Takikardia detak jantung melebihi 100 kali per menit; Aritmia gangguan irama jantung; Jantung berdebar; Kesulitan buang air kecil";"Hindari penggunaan bersamaan dengan obat antidepresan golongan MAOI dapat menyebabkan hipertensi; Informasikan pada dokter jika sedang mengonsumsi suplemen, obat lain atau produk herbal";Obat ini hanya boleh digunakan untuk jangka pendek;"Pseudoephedrine HCl 15 mg; Chlorphenamine maleate 1 mg";"Hindari penggunaan Rhinos Junior pada pasien - Pasien yang peka terhadap obat simpatomimetik lain misalnya efedrin, fenilpropanolamin, fenilefrin, penderita hipertensi berat; Pasien yang mendapat terapi obat antidepresan tipe penghambat MAO; Hipertensi berat atau dengan potensi untuk mengembangkan hipertensi atau stroke";;https://tse.mm.bing.net/th?q=Rhinos%20Junior%20obat%20kemasan
76;Rhinos Neo;Pilek;Meringankan hidung tersumbat karena pilek;All;72000;All: Rp72.000;sebelum atau sesudah makan;"Anak-anak 2-5 tahun: 2 x 0,4 ml larutan 0,8 ml, tiga kali sehari; Anak-anak di bawah 2 tahun: atas petunjuk dokter";"Insomnia; sakit kepala; eksitasi; tremor; takikardi; aritmia; palpitasi; kesulitan berkemih";"Penggunaan Rhinos Neo bersama dengan obat antidepresan golongan MAOI dapat menyebabkan hipertensi; Beritahu dokter jika kamu sedang mengonsumsi suplemenobat kimia, atau produk herbal lain untuk menghindari risiko interaksi";Obat ini hanya boleh digunakan untuk jangka pendek;Pseudoephedrine HCI 7.5 mg;"Hindari penggunaan obat Rhinos Neo pada pasien; Peka terhadap obat simpatomimetik lain misalnya ephedrin, fenilpropanolamin, fenilefrin, penderita hipertensi berat; Diterapi obat antidepresan tipe penghambat MAO; Hipertensi berat atau dengan potensi untuk mengembangkan hipertensi atau stroke";;https://tse.mm.bing.net/th?q=Rhinos%20Neo%20obat%20kemasan
77;Hufagripp Pilek;Pilek;Untuk meringankan bersin-bersin dan hidung tersumbat karena pilek;All;16000;All: Rp16.000;sesudah makan;"Anak usia 2-6 tahun: 3 x sehari 1/2 sendok takar 2,5 ml; Anak usia 6-12 tahun: 3 x sehari 1 sendok takar 5 ml; Dewasa dan anak 12 tahun: 3 x sehari 2 sendok takar 10 ml";"Mengantuk; insomnia; eksitasi; takikardia; aritmia ventrikel; tremor; palpitasi; mulut kering; retensi urine dan gangguan saluran cerna";Penggunaan bersamaan dengan anti depresan tipe penghambat MAO dapat mengakibatkan krisis hipertensi;konsumsi dalam jangka panjang akan berpengaruh ke tubuh;"Pseudoephedrine HCI 15 mg; Chlorphenamine Maleate 1 mg";"Tidak boleh diberikan pada penderita yang peka terhadap obat simpatomimetik lain misal efedrin, fenilpropanolamin, fenilefrin, penderita tekanan darah tinggi berat, dan yang mendapat terapi obat antidepresan tipe penghambat Monoamin Oksidase MAO; Tidak boleh melebihi dosis yang dianjurkan; Hati-hati penggunaan pada penderita tekanan darah tinggi atau yang mempunyai potensi tekanan darah tinggi atau stroke, seperti pada penderita dengan berat badan berlebih overweight atau penderita usia lanjut; Bila dalam 3 hari gejala flu tidak berkurang segera hubungi dokter atau unit pelayanan kesehatan; Hentikan penggunaan obat ini jika terjadi susah tidur, jantung berdebar dan pusing; Penderita yang hipersensitif terhadap komponen obat ini";;https://tse.mm.bing.net/th?q=Hufagripp%20Pilek%20obat%20kemasan
78;Bisolvon Tablet;Batuk;BISOLVON bekerja sebagai mukolitik untuk meredakan batuk berdahak;Box, Strip, Tablet;3000;"Tablet: Rp3.000; Strip: Rp27.000; Box: Rp269.000";Berikan sesudah makan;"Dewasa & Anak > 12 th: 3 x 1 tablet sehari; Anak 6-12 tahun: 3 x 1/2 tablet sehari; Anak 2-6 tahun: 2 x 1/2 tablet sehari";"Reaksi sensitif kekebalan tubuh; Gangguan sistem pencernaan; Gangguan kulit seperti ruam; Gangguan pernapasan";Tidak ada laporan interaksi klinis yang tidak menyenangkan dengan obat ini;Jangan menggunakan obat lebih dari 14 hari tanpa anjuran dari dokter;Bromheksin HCl 8 mg;"BISOLVON tidak boleh digunakan oleh penderita yang hipersensitif terhadap bromheksin HCl atau komponen lain dalam formula; Pada kasus tertentu yang sifatnya jarang yaitu kondisi dimana terdapat ketidakcocokan dengan zat tambahan yang terkandung dalam produk obat tersebut penggunaan produk dikontraindikasikan";;https://tse.mm.bing.net/th?q=Bisolvon%20Tablet%20obat%20kemasan
79;Acetylcysteine;Batuk;Mengencerkan dahak di saluran pernafasan;Box, Kapsul, Strip;2000;"Kapsul: Rp2.000; Strip: Rp17.000; Box: Rp164.000";Dikonsumsi setelah makan;"Dewasa dan anak usia di atas 14 tahun: 1 kapsul 2-3 x sehari setara dengan 400-600 mg NAChari; Anak usia 6-14 tahun: 1 kapsul 2 x sehari setara dengan 400 mg NAChari; Anak usia di atas 6 tahun: 1 kapsul 3 x sehari setara dengan 600 mg NAChari; Anak di bawah 6 tahun: pertimbangkan penggunaan sediaan lain yang sesuai";"efek_samping yang mungkin timbul namun jarang adalah pyrosis, nausea, vomiting, dan diarrhoea. Pada beberapa kasus terbatas terjadi stomatitis, pusing, dan telinga berdenging tinnitus; Setelah penggunaan NAC kadang terjadi reaksi alergi seperti itching, urticaria, cutaneous eruption rash, exanthema, sulit bernapas bronchospasm, denyut jantung yang cepat, dan hipotensi; Terjadinya kasus pada sebagian besar pasien dengan hiperreaktif pada sistem bronkial mengikuti bronkial asma disebut hyper responder, yaitu pasien dengan peningkatan sensitivitas akibat berbagai stimuli. Kemudian terjadi hemorrhage setelah pemberian NAC, berkaitan dengan reaksi hipersensitivitas secara individual; Tindakan yang harus diambil jika terjadi efek_samping mulai awal terjadinya reaksi hipersensitivitas, hentikan segera penggunaan NAC, konsultasikan ke dokter untuk tindakan selanjutnya berdasarkan tingkat keparahan penyakit";"Penggunaan bersamaan dengan antitussive dapat menyebabkan penghentian sekresi yang berbahaya seiring berkurangnya batuk. Oleh sebab itu, kombinasi kedua obat ini dapat digunakan dengan beberapa perhatian; Penggunaan bersamaan dengan tetracycline HCI bagian dari doxycycline harus dilakukan dengan interval sekurangnya 2 jam. Hal ini tidak perlu dilakukan pada penggunaan bersamaan dengan Loracarbef; Penggunaan bersamaan dengan nitroglycerin kemungkinan dapat menyebabkan peningkatan efek vasodilating dan aliran darah dari nitroglycerin";hindari penggunaan jangka panjang;acetylcysteine 200 mg;"Pasien hipersensitif terhadap acetylcysteine; Anak-anak di bawah 2 tahun";;https://tse.mm.bing.net/th?q=Acetylcysteine%20obat%20kemasan
80;Guaifenesin;Batuk;Meredakan batuk berdahak sebagai ekspektoran;Box, Strip, Tablet;500;"Tablet: Rp500; Strip: Rp2.000; Box: Rp11.500";Sebelum atau sesudah makan;"Dewasa: 2-4 tablet setiap 4 jam maksimum 24 tablet sehari; Anak 6 - 12 tahun: 1-2 tablet setiap 4 jam maksimum 12 tablet sehari; Anak 2 - 6 tahun: 21 tablet setiap 4 jam maksimum 6 tablet sehari";"mual; muntah; diare dan nyeri perut bagian bawah; pusing; berkunang-kunang; sakit kepala; neprolithiasis; hipouricermia; ruam pada kulit";Interaksi guaifenesin dengan obat lain belum diketahui. Meski begitu, tidak menutup kemungkinan guaifenesin dapat berinteraksi dengan obat atau bahan aktif tertentu;tidak boleh dikonsumsin dalam jangka panjang;Guaifenesin 100 mg;"Hipersensitif; diabetes; penyakit liver; fenilketouria; hamil dan menyusui";;https://tse.mm.bing.net/th?q=Guaifenesin%20obat%20kemasan
81;Alpara;Batuk Dan Flu;Untuk meringankan gejala flu seperti demam, sakit kepala, hidung tersumbat dan bersin-bersin yang disertai batuk;Box, Strip;10500;"Strip: Rp10.500; Box: Rp109.000";Dikonsumsi sesudah makan;"Anak-anak 6-12 tahun: 12 kaplet, 3 kali sehari; Diatas 12 tahun dewasa: 1 kaplet, 3 kali sehari";"kantuk; gangguan pencernaan; gangguan psikomotor; takikardia; aritmia; mulut kering; palpitasi; retensi urin; Penggunaan dosis besar dan jangka panjang menyebabkan kerusakan fungsi hati";Penggunaan bersama anti depresan tipe penghambat MAO dapat mengakibatkan krisis hipertensi;Penggunaan dosis besar dan jangka panjang menyebabkan kerusakan fungsi hati;"Paracetamol 500 mg; Phenylpropanolamine HCI 12.5 mg; Dextromethorphan HBr 15 mg; Chlorphenamine Maleate 2 mg";"Tidak boleh diberikan pada penderita yang peka terhadap obat simpatomimetik lain misal efedrin, fenilpropanolamin, fenilefrin, penderita tekanan darah tinggi berat, dan yang mendapat terapi obat antidepresan tipe penghambat Monoamin Oksidase MAO; Tidak boleh melebihi dosis yang dianjurkan; Hati-hati penggunaan pada penderita tekanan darah tinggi atau yang mempunyai potensi tekanan darah tinggi atau stroke, seperti pada penderita dengan berat badan berlebih overweight atau penderita usia lanjut; Bila dalam 3 hari gejala flu tidak berkurang segera hubungi dokter atau unit pelayanan kesehatan; Hentikan penggunaan obat ini jika terjadi susah tidur, jantung berdebar dan pusing; Penderita dengan gangguan jantung dan diabetes mellitus; Penderita dengan gangguan fungsi hati yang berat; Penderita Hipersensitif terhadap komponen obat ini";;https://tse.mm.bing.net/th?q=Alpara%20obat%20kemasan
82;Bodrex Flu Batuk PE;Batuk Dan Flu;Meredakan gejala flu seperti demam, sakit kepala, hidung tersumbat dan bersin-bersin yang disertai batuk tidak berdahak;Box, Strip;2000;"Strip: Rp2.000; Box: Rp50.500";dikonsumsi setelah makanan;Dewasa: 1 kaplet 3 kali sehari;"Gangguan pencernaan; insomnia; gelisah; eksitasi; tremor; takikardia; aritmia; mulut kering; palpitasi dan retensi urin; Penggunaan dosis besar dan jangka panjang dapat menyebabkan kerusakan fungsi hati";Penggunaan bersama antidepresan tipe penghambat MAO dapat mengakibatkan krisis hipertensi;jika digunakan dalam jangka panjang dan dalam dosis yang tinggi, dapat menimbulkan risiko penyakit ginjal;"Paracetamol 500 mg; Phenylephrine HCI 10 mg; Dextromethorphan HBr 12 mg";"Tidak boleh diberikan pada penderita yang peka terhadap obat simpatomimetik lain misal efedrin, fenilpropanolamin, fenilefrin, penderita tekanan darah tinggi berat, dan yang mendapat terapi obat antidepresan tipe penghambat Monoamin Oksidase MAO; Tidak boleh melebihi dosis yang dianjurkan; Hati-hati penggunaan pada penderita tekanan darah tinggi atau yang mempunyai potensi tekanan darah tinggi atau stroke, seperti pada penderita dengan berat badan berlebih overweight atau penderita usia lanjut; Bila dalam 3 hari gejala flu tidak berkurang segera hubungi dokter atau unit pelayanan kesehatan; Hentikan penggunaan obat ini jika terjadi susah tidur, jantung berdebar dan pusing; Penderita dengan gangguan jantung dan diabetes mellitus; Penderita dengan gangguan fungsi hati yang berat";;https://tse.mm.bing.net/th?q=Bodrex%20Flu%20Batuk%20PE%20obat%20kemasan
83;Panadol Cold Flu;Batuk Dan Flu;Untuk meringankan gejala-gejala flu seperti demam, sakit kepala dan hidung tersumbat yang disertai batuk tidak berdahak;Box, Strip;16000;"Strip: Rp16.000; Box: Rp157.500";Dikonsumsi sesudah makan;Dewasa: 1 kaplet 13 kali sehari. Jangan diberikan kepada anak-anak di bawah umur 12 tahun, kecuali atas petunjuk dokter.;"Kadang-kadang dapat menyebabkan tachycardia jantung berdebar, dyspepsia, nausea, kemerahan pada kulit, depresi pernafasan dan susunan saraf pusat, mengantuk, konstipasi, mual, pusing; Gangguan saluran pencernaan, gelisah, eksitasi, tremor; Dapat menyebabkan kantuk dan pusing; Serotonin syndrome sangat jarang terjadi merasa kebingungan, keletihan, berkeringat, genvetar, menggigil, kontraksi otot tiba-tiba atau peningkatan tekanan darah; Halusinasi sangat jarang terjadi. Penggunaan dosis besar dan jangka panjang menyebabkan kerusakan hati";Penggunaan bersama antidepresan tipe penghambat Monoamin oksidase MAOIs dapat mengakibatkan krisis hipertensi, Sebelum menggunakan obat ini, konsultasikan dengan dokter atau farmasis mengenai obat lain yang anda konsumsi;tidak untuk digunakan dalam jangka panjang;"Paracetamol 500 mg; Pseudoephedrine HCI 30 mg; Dextromethorphan HBr 15 mg";"Tidak boleh diberikan pada penderita yang peka terhadap obat simpatomimetik lain misal efedrin, fenilpropanolamin, fenilefrin, penderita tekanan darah tinggi berat, dan yang mendapat terapi obat antidepresan tipe penghambat Monoamin Oksidase MAO; Tidak boleh melebihi dosis yang dianjurkan; Hati-hati penggunaan pada penderita tekanan darah tinggi atau yang mempunyai potensi tekanan darah tinggi atau stroke, seperti pada penderita dengan berat badan berlebih overweight atau penderita usia lanjut; Bila dalam 3 hari gejala flu tidak berkurang segera hubungi dokter atau unit pelayanan kesehatan; Hentikan penggunaan obat ini jika terjadi susah tidur, jantung berdebar dan pusing; Penderita dengan gangguan jantung dan diabetes mellitus; Penderita dengan gangguan fungsi hati yang berat; Jika anda sedang mendapat terapi menggunakan amfetamin umumnya untuk mengatasi attention deficit disorder, penekan nafsu makan, atau obat lain yang mengandung antihistamin. Jika anda memiliki infeksi saluran pernafasan gangguan saluran pernafasan";;https://tse.mm.bing.net/th?q=Panadol%20Cold%20Flu%20obat%20kemasan
84;Paramex Flu Batuk PE;Batuk Dan Flu;Meringankan gejala flu demam, sakit kepala, hidung tersumbat dan batuk tidak berdahak;Box, Strip;3000;"Strip: Rp3.000; Box: Rp67.500";Sesudah makan;"Anak-anak 6-12 tahun: 3 x sehari 12 tablet; Dewasa: 3 kali sehari 1 tablet";"Mulut kering; gangguan pencernaan; aritmia; palpitasi; takikardia; tremor; gelisah; insomnia; retensi urin; dan eksitasi; Penggunaan Paracetamol dosis besar dan jangka panjang menyebabkan kerusakan hati";Penggunaan bersamaan antidepresan tipe penghambat MAO dapat mengakibatkan krisis hipertensi;Jangan mengonsumsi produk Paramex lebih dari 5 hari kecuali disarankan oleh dokter;"Paracetamol 500 mg; Phenylephrine HCl 10 mg; Dextromethorphan HBr 15 mg";"Tidak boleh diberikan pada penderita yang peka terhadap obat simpatomimetik lain misal efedrin, fenilpropanolamin, fenilefrin, penderita tekanan darah tinggi berat, dan yang mendapat terapi obat antidepresan tipe penghambat Monoamin Oksidase MAO; Tidak boleh melebihi dosis yang dianjurkan; Hati-hati penggunaan pada penderita tekanan darah tinggi atau yang mempunyai potensi tekanan darah tinggi atau stroke, seperti pada penderita dengan berat badan berlebih overweight atau penderita usia lanjut; Bila dalam 3 hari gejala flu tidak berkurang segera hubungi dokter atau unit pelayanan kesehatan; Hentikan penggunaan obat ini jika terjadi susah tidur, jantung berdebar dan pusing; Penderita dengan gangguan jantung dan diabetes mellitus; Penderita dengan gangguan fungsi hati yang berat; Penderita Hipersensitif terhadap komponen obat ini";;https://tse.mm.bing.net/th?q=Paramex%20Flu%20Batuk%20PE%20obat%20kemasan
85;Procold Flu Batuk;Batuk Dan Flu;Untuk meringankan gejala-gejala flu seperti demam, sakit kepala, hidung tersumbat dan batuk tidak berdahak;Box, Strip;4500;"Strip: Rp4.500; Box: Rp103.000";Berikan setelah makan;"Dewasa anak 12 tahun: sehari 3 kall 1 kaplet; Anak 6-12 tahun: sehari 3 kali kaplet";"Gangguan pencernaan; gangguan psikomotor takikardi aritmla palpitasi; retensi urine; mengantuk; Penggunaan dosis besar dan jangka panjang menyebabkan kerusakan hati; mulut kering; Sakit kepala; Insomnia; eksitasi; gelisah; tremor dan sulit berkemih";Penggunaan bersama anti depresan tipe penghambat MAO dapat mengakibatkan krisis hipertensi;mengonsumsi Procold dalam dosis besar dan jangka panjang bisa menyebabkan gangguan hati yang bisa ditandai dengan mual, lemas, nyeri perut bagian atas, hilang nafsu makan, dan penyakit kuning;"Paracetamol 500 mg; Dextromethorphan HBr 10 mg; Phenylephrine HC 10 mg";"Tidak boleh diberikan pada penderita yang peka terhadap obat simpatomimetik lain misal efedrin, fenilpropanolamin, fenilefrin, penderita tekanan darah tinggi berat, dan yang mendapat terapi obat antidepresan tipe penghambat Monoamin Oksidase MAO; Tidak boleh melebihi dosis yang dianjurkan; Hati-hati penggunaan pada penderita tekanan darah tinggi atau yang mempunyai potensi tekanan darah tinggi atau stroke, seperti pada penderita dengan berat badan berlebih overweight atau penderita usia lanjut; Bila dalam 3 hari gejala flu tidak berkurang segera hubungi dokter atau unit pelayanan kesehatan; Hentikan penggunaan obat ini jika terjadi susah tidur, jantung berdebar dan pusing; Penderita dengan gangguan jantung dan diabetes mellitus; Penderita dengan gangguan fungsi hati yang berat; Penderita hipersensitif terhadap salah satu komponen obat";;https://tse.mm.bing.net/th?q=Procold%20Flu%20Batuk%20obat%20kemasan
86;Tuzalos;Batuk Dan Flu;Untuk meringankan gejala-gejala flu seperti demam, sakit kepala, hidung tersumbat dan bersin-bersin yang disertai batuk;Box, Strip;5500;"Strip: Rp5.500; Box: Rp132.000";Dapat diberikan bersama atau tanpa makanan;"Dewasa: 1 kaplet, 3 kali sehari; Anak-anak 6-12 tahun: 1/2 kaplet, 3 kali sehari";"Mengantuk; pusing; mulut kering; kejang seperti epilepsi pada dosis besar; ruam kulit";Hindari penggunaan Tuzalos bersama dengan obat-obat berikut MAOI, dapat mengakibatkan krisis hipertensi. fluoxetine, paroxetine, quinidine, terbinafine;Penggunaan dalam jangka panjang dapat menyebabkan kerusakan hati;"Dextromethorphan Hydrobromide 10 mg; Phenylpropanolamine Hydrochloride 15 mg; Chlorphenamine Maleate 1 mg; Paracetamol 500 mg";Obat ini tidak dianjurkan untuk digunakan oleh penderita penyakit jantung, diabetes mellitus, dan disfungsi hati yang berat, serta pengguna obat anti depresan tipe penghambat monoamin oksidase MAOI;;https://tse.mm.bing.net/th?q=Tuzalos%20obat%20kemasan
87;Bodrex Flu Batuk Berdahak PE;Batuk Dan Flu;Meredakan gejala flu seperti , sakit kepala, hidung tersumbat dan bersin-bersin yang disertai batuk berdahak;Box, Strip;2000;"Strip: Rp2.000; Box: Rp52.500";Berikan bersama makanan;Dewasa: 1 kaplet 3 kali sehari;"Gangguan pencemaan; Insomnia; gelisah; eksitasi; tremor; takikardia; aritmia; mulut kering; palpitasi dan retensi urin; Penggunaan dosis besar dan jangka panjang menyebabkan kerusakan hati; Gangguan sistem kekebalan tubuh jarang reaksi hipersensitivitas; belum ada data reaksi anafilaksis termasuk syok anafilaksis, angioederma dan prutitus; Gangguan kulit dan bawah kulit jarang ruam, urtikaria, belum ada data reaksi kulit serius eritema multiforme, sindroma Stevens-Johnsonnekrolisis epidermo toksis dan pustulosis exanthema akut";Penggunaan bersama antidepresan tipe penghambat MAO dapat mengakibatkan krisis hipertensi;jika digunakan dalam jangka panjang dan dalam dosis yang tinggi, dapat menimbulkan risiko penyakit ginjal;"Paracetamol 400 mg; Phenylephrine HCI 10 mg; Guaifenesin 100 mg; Bromhexine HCl 8 mg";"Tidak boleh diberikan pada penderita yang peka terhadap obat simpatomimetik lain misal efedrin, fenilpropanolamin, fenilefrin, penderita tekanan darah tinggi berat, dan yang mendapat terapi obat antidepresan tipe penghambat Monoamin Oksidase MAO; Tidak boleh melebihi dosis yang dianjurkan; Hati-hati penggunaan pada penderita tekanan darah tinggi atau yang mempunyai potensi tekanan darah tinggi atau stroke, seperti pada penderita dengan berat badan berlebih overweight atau penderita usia lanjut; Bila dalam 3 hari gejala flu tidak berkurang segera hubungi dokter atau unit pelayanan kesehatan; Hentikan penggunaan obat ini jika terjadi susah tidur, jantung berdebar dan pusing; Penderita dengan gangguan jantung dan diabetes mellitus; Penderita dengan gangguan fungsi hati yang berat; Penderita Hipersensitif terhadap komponen obat ini";;https://tse.mm.bing.net/th?q=Bodrex%20Flu%20Batuk%20Berdahak%20PE%20obat%20kemasan
88;Decolsin Tablet;Batuk Dan Flu;Untuk meredakan batuk yang menyertai gejala-gejala flu seperti demam, sakit kepala, hidung tersumbat dan bersin-bersin;Box, Strip;3000;"Strip: Rp3.000; Box: Rp72.000";Dikonsumsi sebelum atau sesudah makan;Dewasa: 3 kali sehari 1 kapsul;"Mengantuk; gangguan pencernaan; gangguan psikomotor; takikardia; aritmia; mulut kering; palpitasi; retensi urin; Penggunaan dosis besar dan jangka panjang menyebabkan kerusakan hati";Penggunaan bersama antidepresan tipe penghambat MAO dapat mengakibatkan krisis hipertensi;penggunaan jangka panjang, dapat meningkatkan resiko kerusakan ginjal;"Paracetamol 400 mg; Pseudoephedrine HCI 30 mg; Chlorphenamine Maleate 1 mg; Dextromethorphan HBr 10 mg; Guaifenesin 50 mg";"Tidak boleh diberikan pada penderita yang peka terhadap obat simpatomimetik lain misal efedrin, fenilpropanolamin, fenilefrin, penderita tekanan darah tinggi berat, dan yang mendapat terapi obat antidepresan tipe penghambat Monoamin Oksidase MAO; Tidak boleh melebihi dosis yang dianjurkan; Hati-hati penggunaan pada penderita tekanan darah tinggi atau yang mempunyai potensi tekanan darah tinggi atau stroke, seperti pada penderita dengan berat badan berlebih overweight atau penderita usia lanjut; Bila dalam 3 hari gejala flu tidak berkurang segera hubungi dokter atau unit pelayanan kesehatan; Hentikan penggunaan obat ini jika terjadi susah tidur, jantung berdebar dan pusing; Penderita dengan gangguan jantung dan diabetes mellitus; Penderita dengan gangguan fungsi hati yang berat; Penderita Hipersensitif terhadap komponen obat ini";;https://tse.mm.bing.net/th?q=Decolsin%20Tablet%20obat%20kemasan
89;Decolgen Tablet;Flu;Untuk meredakan gejala flu seperti sakit kepala, demam, bersin-bersin dan hidung tersumbat;Box, Strip;2500;"Strip: Rp2.500; Box: Rp56.800";Dikonsumsi sesudah makan;"Dewasa: 1 tablet; Anak-anak 6-12 tahun: 12 tablet";"Mengantuk; gangguan pencernaan; mulut kering; palpitasi; psikomotor; takikardia; aritmia; retensi urin";Peningkatan risiko terjadinya efek_samping paracetamol jika dikonsumsi bersama metoclopramide, domperidone, probenecid, atau isoniazid;Penggunaan dosis besar dan jangka panjang dilaporkan bisa menyebabkan kerusakan hati;"Paracetamol 400 mg; Phenylpropanolamine HCI 12.5 mg; Chlorphenamine Maleate 1 mg";Tidak boleh diberikan pada penderita yang peka terhadap obat simpatomimetik, penderita tekanan darah tinggi berat, dan orang yang sedang terapi anti depresan MAOI;;https://tse.mm.bing.net/th?q=Decolgen%20Tablet%20obat%20kemasan
90;Inza;Flu;Untuk meringankan gejala flu seperti demam, sakit kepala, hidung tersumbat dan bersin-bersin;Box, Strip;3000;"Strip: Rp3.000; Box: Rp67.000";sesudah makan;"Anak-anak 6-12 tahun: 3 x sehari 1/2 kaplet; Dewasa: 3 x sehari 1 kaplet";"Mengantuk; gangguan pencernaan; insomnia; gelisah; eksitasi; tremor; takikardi; aritmia ventrikel; mulut kering; palpitasi; sulit berkemih; Penggunaan dosis besar dan jangka panjang menyebabkan kerusakan hati";Penggunaan bersamaan dengan obat antidepresan tipe penghambat MAO dapat mengakibatkan krisis hipertensi;tidak disarankan untuk penggunaan jangka panjang;"Paracetamol 600 mg; Pseudoephedrine HCl 30 mg; Chlorphenamine Maleate 1 mg";"Tidak boleh diberikan pada penderita yang peka terhadap obat simpatomimetik lain misal efedrin, fenilpropanolamin, fenilefrin, penderita tekanan darah tinggi berat, dan yang mendapat terapi obat antidepresan tipe penghambat Monoamin Oksidase MAO; Tidak boleh melebihi dosis yang dianjurkan; Hati-hati penggunaan pada penderita tekanan darah tinggi atau yang mempunyai potensi tekanan darah tinggi atau stroke, seperti pada penderita dengan berat badan berlebih overweight atau penderita usia lanjut; Bila dalam 3 hari gejala flu tidak berkurang segera hubungi dokter atau unit pelayanan kesehatan; Hentikan penggunaan obat ini jika terjadi susah tidur, jantung berdebar dan pusing; Penderita dengan gangguan jantung dan diabetes mellitus; Penderita dengan gangguan fungsi hati yang berat";;https://tse.mm.bing.net/th?q=Inza%20obat%20kemasan
91;Mixagrip Flu;Flu;Untuk meringankan gejala-gejala flu seperti bersin - bersin, hidung tersumbat, demam, dan sakit kepala;Box, Strip;3000;"Strip: Rp3.000; Box: Rp74.000";Dikonsumsi sesudah makan;"Dewasa dan anak diatas 12 tahun: sehari 3-4 kali 1 kaplet; Anak 6-12 tahun: sehari 3-4 kali 1/2 kaplet";"Mengantuk; gangguan pencernaan; gangguan psikomotor; takikardi; aritmia; mulut kering; palpitasi; retensi urin; Penggunaan dosis besar dan jangka panjang menyebabkan kerusakan hati; Insomnia; gelisah; eksitasi; tremor; aritmia ventrikel dan palpitas?";Penggunaan bersama anti depresan tipe penghambat MAD dapat mengakibatkan krisis hipertensi;tidak untuk digunakan dalam jangka panjang;"Paracetamol 500 mg; Phenylephrine HCI 10 mg; Chlorphenamine Maleate 2 mg";"Tidak boleh diberikan pada penderita yang peka terhadap obat simpatomimetik lain misal efedrin, fenilpropanolamin, fenilefrin, penderita tekanan darah tinggi berat, dan yang mendapat terapi obat antidepresan tipe penghambat Monoamin Oksidase MAO; Tidak boleh melebihi dosis yang dianjurkan; Hati-hati penggunaan pada penderita tekanan darah tinggi atau yang mempunyai potensi tekanan darah tinggi atau stroke, seperti pada penderita dengan berat badan berlebih overweight atau penderita usia lanjut; Bila dalam 3 hari gejala flu tidak berkurang segera hubungi dokter atau unit pelayanan kesehatan; Hentikan penggunaan obat ini jika terjadi susah tidur, jantung berdebar dan pusing; Penderita yang hipersensitif terhadap komponen obat ini";;https://tse.mm.bing.net/th?q=Mixagrip%20Flu%20obat%20kemasan
92;Dicom;Pilek;Meringankan bersin-bersin dan hidung tersumbat;Box, Strip, Tablet;2500;"Tablet: Rp2.500; Strip: Rp21.000; Box: Rp200.500";sesudah makan;"Dewasa: 1 tablet, 3x sehari; Anak-anak 6-12 tahun: 1/2 tablet, 3 kali sehari";"Mengantuk; gangguan pencernaan; sakit kepala; insomnia; eksitasi; tremor; takikardi; aritmia; mulut kering; palpitasi; sulit berkemih";Penggunaan bersama antidepresan tipe penghambat MAO dapat mengakibatkan krisis hipertensi;tidak disarankan untuk penggunaan jangka panjang;"Pseudoefedrin HCI 30 mg; Triprolidine HCI 2.5 mg";"Tidak boleh diberikan pada penderita yang peka terhadap obat simpatomimetik lain misal efedrin, fenilpropanolamin, fenilefrin, penderita tekanan darah tinggi berat, dan yang mendapat terapi obat antidepresan tipe penghambat Monoamin Oksidase MAO; Tidak boleh melebihi dosis yang dianjurkan; Hati-hati penggunaan pada penderita tekanan darah tinggi atau yang mempunyai potensi tekanan darah tinggi atau stroke, seperti pada penderita dengan berat badan berlebih overweight atau penderita usia lanjut; Bila dalam 3 hari gejala flu tidak berkurang segera hubungi dokter atau unit pelayanan kesehatan; Hentikan penggunaan obat ini jika terjadi susah tidur, jantung berdebar dan pusing; Penderita dengan gangguan jantung dan diabetes mellitus; Penderita dengan gangguan fungsi hati yang berat; Penderita Hipersensitif terhadap komponen obat ini";;https://tse.mm.bing.net/th?q=Dicom%20obat%20kemasan
93;Grantusif;Batuk;Untuk mengobati batuk yang disertai alergi;Box, Strip;5500;"Strip: Rp5.500; Box: Rp54.500";Diberikan setelah makan;"Dewasa dan anak 12 tahun: 1-2 kaplet, 3 x sehari; Anak 6-12 tahun: 12 - 1 kaplet, 3x sehari";"Mulut terasa kering; ngantuk; mual; pusing; konstipasi";Karena mengandung dextromethorphan, Grantusif sebaiknya tidak digunakan bersama dengan obat-obatan ini paroxetine, fluoxetine, terbinafine, quinidine, obat golongan MAOI;tidak boleh dikonsumsin dalam jangka panjang;"Dextromethorphan HBr 15 mg; Guaifenesin 100 mg; Diphenhydramine HCI 5 mg";Hipersensitif terhadap salah satu komponen;;https://tse.mm.bing.net/th?q=Grantusif%20obat%20kemasan
94;Konidin;Batuk;Untuk meringankan batuk;Box, Strip;2500;"Strip: Rp2.500; Box: Rp128.000";Diberikan setelah makan;"Dewasa dan anak-anak diatas 12 tahun: 3 x sehari 1-2 tablet; Anak-anak 6-12 tahun: 3 x sehari 1 1/2-1 tablet";"Mengantuk; gangguan pencernaan; sakit kepala; insomnia; eksitasi; tremor; takikardi; aritmia; mulut kering; palpitasi; sulit berkemih";Dapat terjadi rangsangan SSP dan depresi pernapasan yang berat pada pemberian bersamaan dengan penghambat MAO;Penggunaannya harus tepat dosis dan tidak boleh digunakan dalam jangka waktu yang lama tanpa indikasi atau pengawasan yang ketat dari dokter;"Guaifenesin 100 mg; Dextromethorphan HBr 5 mg; Chlorphenamine Maleate 2 mg";Penderita yang hipersensitif terhadap komponen obat ini;;https://tse.mm.bing.net/th?q=Konidin%20obat%20kemasan
95;Komix;Batuk;Untuk meredakan batuk;Box, Sach;2000;"Sach: Rp2.000; Box: Rp49.500";Diberikan sesudah makan;Dewasa: 3x sehari 1-2 sachet;"Mengantuk; gangguan pencemaan; mulut kering; retensi urine";;tidak boleh dikonsumsin dalam jangka panjang;"Guaifenesin 100 mg; Dextromethorphan HBr 15 mg; Chlorphenamine Maleate 2 mg";Hipersensitif terhadap salah satu komponen obat ini;;https://tse.mm.bing.net/th?q=Komix%20obat%20kemasan
96;Komix Herbal Tube;Batuk;Membantu meredakan batuk berdahak;All;11000;All: Rp11.000;Sesudah makan. Kocok dahulu sebelum diminum;"Dewasa: 3 x sehari 1 tube botol; Anak anak: 12 dosis dewasa";Belum ada efek samping yang dilaporkan;Belum ada informasi terkait interaksi Komix Herbal dengan zat aktif lain;tidak boleh dikonsumsin dalam jangka panjang;"Vitex Negundo Folium Extract (Lagundi) 200 mg; Zingiberis Officinale Rosch Rhizoma Extract (Jahe Merah) 30 mg; Thymus Vulgaris Herba Extract (Thymi Herba) 100 mg; Glycyrrhiza Glabra Radix Extract (Licorice) 167 mg; Oleum Menthae Piperitae (Peppermint Oil) 11 mg; Mel Depuratum (Madu) 3000 mg; Potassium Sorbate, Sodium Benzoate (Pengawet); Acesulfame-K; Fructose; Sucrose dan Sucralose (Pemanis)";Obat Komix Herbal tidak boleh diberikan pada pasien yang hipersensitif terhadap salah satu komposisi di dalamnya;;https://tse.mm.bing.net/th?q=Komix%20Herbal%20Tube%20obat%20kemasan
97;Komix Herbal Kids Tube;Batuk;Membantu meredakan batuk berdahak pada anak;All;9500;All: Rp9.500;Sesudah makan. Kocok dahulu sebelum diminum;"Anak umur 2-6 tahun: 3 x sehari 12 tube; Anak umur 6-12 tahun: 3 x sehari 1 tube";Belum ada efek samping yang dilaporkan;Belum ada informasi terkait interaksi Komix Herbal dengan zat aktif lain;tidak boleh dikonsumsin dalam jangka panjang;"Vitex Negundo Folium Extract (Lagundi) 100 mg; Zingiberis Officinale Rosch Rhizoma Extract (Jahe Merah) 15 mg; Thymus Vulgaris Herba Extract (Thymi Herba) 50 mg; Glycyrrhiza Glabra Radix Extract (Licorice) 83.5 mg; Oleum Menthae Piperitae (Peppermint Oil) 5.5 mg; Mel Depuratum (Madu) 1500 mg; Potassium Sorbate; Sodium Benzoate (Pengawet); Fructose; rehalose (Pemanis); Caramel Colour (Pewarna); Strawberry Flavour (Perasa)";Obat Komix Herbal tidak boleh diberikan pada pasien yang hipersensitif terhadap salah satu komposisi di dalamnya;;https://tse.mm.bing.net/th?q=Komix%20Herbal%20Kids%20Tube%20obat%20kemasan
98;Komix Herbal Sachet;Batuk;Membantu meredakan batuk berdahak;Box, Pcs;2000;"Pcs: Rp2.000; Box: Rp11.500";Sesudah makan. Kocok dahulu sebelum diminum;"Dewasa: 3 x sehari 1 sachet; Anak anak: 12 dosis dewasa";Belum ada efek samping yang dilaporkan;Belum ada informasi terkait interaksi Komix Herbal dengan zat aktif lain;tidak boleh dikonsumsin dalam jangka panjang;"Vitex Negundo Folium Extract (Lagundi) 200 mg; Zingiberis Officinale Rosch Rhizoma Extract (Jahe Merah) 30 mg; Thymus Vulgaris Herba Extract (Thymi Herba) 100 mg; Glycyrrhiza Glabra Radix Extract (Licorice) 167 mg; Oleum Menthae Piperitae (Peppermint Oil) 11 mg; Mel Depuratum (Madu) 3000 mg; Potassium Sorbate; Sodium Benzoate (Pengawet); Sucrose; Sucralose; Fructose (Pemanis); Caramel Colour (Pewarna); Ginger Flavour; Warm Flavour; Mint Flavour (Perasa)";Obat Komix Herbal tidak boleh diberikan pada pasien yang hipersensitif terhadap salah satu komposisi di dalamnya;;https://tse.mm.bing.net/th?q=Komix%20Herbal%20Sachet%20obat%20kemasan
99;Flucadex Tablet;Batuk Dan Flu;Meringankan gejala flu seperti demam, sakit kepala, hidung tersumbat dan bersin-bersin yang disertai batuk;Box, Strip;6500;"Strip: Rp6.500; Box: Rp56.500";Berikan bersama makanan;"Dewasa: 1 kaplet 3 kali sehari; Anak 6-12 tahun: kaplet 3 kali sehari";"Mengantuk; gangguan pencernaan; gangguan psikomotor; takikardi; aritmia ventrikel; mulut kering; palpitasi; retensi urin; Penggunaan dosis besar dan jangka panjang menyebab kan kerusakan hati";Penggunaan bersama antidepresan tipe penghambat MAO dapat mengakibatkan krisis hipertensi;penggunaan dosis besar dan jangka panjang menyebabkan kerusakan hati;"Paracetamol 500 mg; Guaifenesin 50 mg; Phenylpropanolamine HCI 15 mg; Dextromethorphan HBr 15 mg; Chlorphenamine maleate 1 mg";"Tidak boleh diberikan pada penderita yang peka terhadap obat simpatomimetik lain misal efedrin, fenilpropanolamin, fenilefrin, penderita tekanan darah tinggi berat, dan yang mendapat terapi obat antidepresan tipe penghambat Monoamin Oksidase MAO; Tidak boleh melebihi dosis yang dianjurkan; Hati-hati penggunaan pada penderita tekanan darah tinggi atau yang mempunyai potensi tekanan darah tinggi atau stroke, seperti pada penderita dengan berat badan berlebih overweight atau penderita usia lanjut; Bila dalam 3 hari gejala flu tidak berkurang segera hubungi dokter atau unit pelayanan kesehatan; Hentikan penggunaan obat ini jika terjadi susah tidur, jantung berdebar dan pusing; Penderita dengan gangguan jantung dan diabetes mellitus; Penderita dengan gangguan fungsi hati yang berat; Penderita Hipersensitif terhadap komponen obat ini";;https://tse.mm.bing.net/th?q=Flucadex%20Tablet%20obat%20kemasan
100;Intunal-F Tablet;Batuk Dan Flu;Untuk meringankan gejala-gejala fiu seperti demam, sakit kepala, hidung tersumbat, dan bersin-bersin yang disertai batuk;10'S / Box, 10'S / Strip, 4'S / Box, 4'S / Strip;4500;"4'S / Strip: Rp4.500; 4'S / Box: Rp103.500; 10'S / Strip: Rp10.500; 10'S / Box: Rp102.000";Sesudah makan;"Dewasa: 1 tablet 3 kali sehari; Anak-anak 6-12 tahun: 1/2 tablet 3 kali sehari";"Mengantuk; gangguan pencernaan; gangguan psikomotor; takikardia; aritmia; mulut kering; palpitasi; retensi urin; Penggunaan dosis besar dan jangka panjang menyebabkan kerusakan hati";Penggunaan bersama antidepresan tipe penghambat MAO dapat mengakibatkan krisis hipertensi;tidak untuk digunakan dalam jangka panjang;"Paracetamol 500 mg; Phenylpropanolamine HCI 15 mg; Dexchlorpheniramine maleate 2 mg; Dextromethorphan HBr 15 mg; Guaifenesin 50 mg";"Tidak boleh diberikan pada penderita yang peka terhadap obat simpatomimetik lain misal efedrin, fenilpropanolamin, fenilefrin, penderita tekanan darah tinggi berat, dan yang mendapat terapi obat antidepresan tipe penghambat Monoamin Oksidase MAO; Tidak boleh melebihi dosis yang dianjurkan; Hati-hati penggunaan pada penderita tekanan darah tinggi atau yang mempunyai potensi tekanan darah tinggi atau stroke, seperti pada penderita dengan berat badan berlebih overweight atau penderita usia lanjut; Bila dalam 3 hari gejala flu tidak berkurang segera hubungi dokter atau unit pelayanan kesehatan; Hentikan penggunaan obat ini jika terjadi susah tidur, jantung berdebar dan pusing; Penderita dengan gangguan jantung dan diabetes mellitus; Penderita dengan gangguan fungsi hati yang berat; Penderita Hipersensitif terhadap komponen obat ini";;https://tse.mm.bing.net/th?q=Intunal-F%20Tablet%20obat%20kemasan
101;Stop Cold;Batuk Dan Flu;Untuk meringankan gejala flu seperti demam, sakit kepala, hidung tersumbat dan bersin-bersin yang disertai batuk;Box, Strip;3500;"Strip: Rp3.500; Box: Rp50.000";Sebelum atau sesudah makan;Dewasa: 1 tablet, 3 kali sehari;"Mengantuk; gangguan pencernaan; insomnia; gelisah; eksitasi; tremor; takikardi; aritmia ventrikuler; mulut kering; palpitasi; sulit berkemih; Penggunaan dosis besar dan jangka panjang menyebabkan kerusakan hati";Penggunaan bersama antidepresan tipe penghambat MAO dapat mengakibatkan krisis hipertensi;tidak untuk digunakan dalam jangka panjang;"Paracetamol 500 mg; Pseudoephedrine HCI 30 mg; Chlorphenamine Maleate 2 mg";"Tidak boleh diberikan pada penderita yang peka terhadap obat simpatomimetik lain misal efedrin, fenilpropanolamin, fenilefrin, penderita tekanan darah tinggi berat, dan yang mendapat terapi obat antidepresan tipe penghambat Monoamin Oksidase MAO; Tidak boleh melebihi dosis yang dianjurkan; Hati-hati penggunaan pada penderita tekanan darah tinggi atau yang mempunyai potensi tekanan darah tinggi atau stroke, seperti pada penderita dengan berat badan berlebih overweight atau penderita usia lanjut; Bila dalam 3 hari gejala flu tidak berkurang segera hubungi dokter atau unit pelayanan kesehatan; Hentikan penggunaan obat ini jika terjadi susah tidur, jantung berdebar dan pusing; Penderita dengan gangguan jantung dan diabetes mellitus; Penderita dengan gangguan fungsi hati yang berat; Penderita Hipersensitif terhadap komponen obat ini";;https://tse.mm.bing.net/th?q=Stop%20Cold%20obat%20kemasan
102;Tera - F;Batuk Dan Flu;Untuk meringankan gejala flu seperti demam, sakit kepala, hidung tersumbat dan bersin-bersin yang disertai batuk;Box, Strip;5000;"Strip: Rp5.000; Box: Rp46.500";Sesudah makan;"Dewasa dan anak-anak diatas 12 tahun: 1 kaplet, 3-4 kali sehari; Anak-anak 6-12 tahun: 1 1/2 kaplet, 3-4 kali sehari";"Mengantuk; gangguan pencernaan; gangguan psikomotor; takikardia; aritmia; palpitasi; retensi urine; mulut kering; Penggunaan dosis besar dan jangka lama menyebabkan kerusakan fungsi hati";Penggunaan bersama antidepresan tipe penghambat MAO dapat mengakibatkan krisis hipertensi;tidak untuk digunakan dalam jangka panjang;"Paracetamol 650 mg; Guaifenesin 50 mg; Phenylpropanolamine HCI 15 mg; Chlorphenamine Maleate 2 mg";"Tidak boleh diberikan pada penderita yang peka terhadap obat simpatomimetik lain misal efedrin, fenilpropanolamin, fenilefrin, penderita tekanan darah tinggi berat, dan yang mendapat terapi obat antidepresan tipe penghambat Monoamin Oksidase MAO; Tidak boleh melebihi dosis yang dianjurkan; Hati-hati penggunaan pada penderita tekanan darah tinggi atau yang mempunyai potensi tekanan darah tinggi atau stroke, seperti pada penderita dengan berat badan berlebih overweight atau penderita usia lanjut; Bila dalam 3 hari gejala flu tidak berkurang segera hubungi dokter atau unit pelayanan kesehatan; Hentikan penggunaan obat ini jika terjadi susah tidur, jantung berdebar dan pusing; Penderita dengan gangguan jantung dan diabetes mellitus; Penderita dengan gangguan fungsi hati yang berat; Penderita Hipersensitif terhadap komponen obat ini";;https://tse.mm.bing.net/th?q=Tera%20-%20F%20obat%20kemasan
103;Paratusin Tablet;Batuk Dan Flu;Untuk meringankan gejala-gejala flu seperti demam, sakit kepala, hidung tersumbat dan bersin-bersin yang disertai batuk;Box, Strip;16500;"Strip: Rp16.500; Box: Rp320.500";Obat diminum sesudah makan;"Dewasa: 1 tablet, 3 x sehari; Anak 6-12 tahun: 1 1/2 tablet, 3 x sehari";"Mengantuk; gangguan pencernaan; gangguan psikomotor; takikardi; aritmia; mulut kering; palpitasi; retensi urin; Penggunaan dosis besar dan jangka panjang menyebabkan kerusakan hati";Periggunaan bersama antidepresan tipe penghambat MAO dapat mengakibatkan krisis hipertensi;Penggunaan dosis besar dan jangka panjang menyebabkan kerusakan hati;"Paracetamol 500 mg; Guaifenesin 50 mg; Noscapine 10 mg; Phenylpropanolamine HCl 15 mg; Chlorphenamine maleate 2 mg";"Tidak boleh diberikan pada penderita yang peka terhadap obat simpatomimetik lain misal efedrin, fenilpropanolamin, fenilefrin, penderita tekanan darah tinggi berat, dan yang mendapat terapi obat antidepresan tipe penghambat Monoamin Oksidase MAO; Tidak boleh melebihi dosis yang dianjurkan; Hati-hati penggunaan pada penderita tekanan darah tinggi atau yang mempunyai potensi tekanan darah tinggi atau stroke, seperti pada penderita dengan berat badan berlebih overweight atau penderita usia lanjut; Bila dalam 3 hari gejala flu tidak berkurang segera hubungi dokter atau unit pelayanan kesehatan; Hentikan penggunaan obat ini jika terjadi susah tidur, jantung berdebar dan pusing; Penderita dengan gangguan jantung dan diabetes mellitus; Penderita dengan gangguan fungsi hati yang berat; Penderita Hipersensitif terhadap komponen obat ini";;https://tse.mm.bing.net/th?q=Paratusin%20Tablet%20obat%20kemasan
104;Komix OBH;Batuk Dan Pilek;Untuk meringankan batuk berdahak dan pilek;Box, Sach;2000;"Sach: Rp2.000; Box: Rp49.500";Diberikan sesudah makan;"Dewasa dan anak di atas 12 tahun: 3 kali 2 sachet sehari; Anak 6-12 tahun: 3 kali 1 sachet sehari";"Mengantuk; gangguan pencernaan; sakit kepala; insomnia; gelisah; eksitasi; tremor; takikardi; aritmia; mulut kering; palpitasi; retensi urine";Penggunaan bersama dengan antidepresan tipe penghambat MAO dapat mengakibatkan krisis hipertensi;tidak untuk digunakan dalam jangka panjang;"Succus Liquiritae 167 mg; Guaifenesin 100 mg; Phenylephrine 10 mg; Chlorphenamine Maleate 2 mg";"Tidak boleh diberikan pada penderita yang peka terhadap obat simpatomimetik lain misal efedrin, fenilpropanolamin, fenilefrin, penderita tekanan darah tinggi berat, dan yang mendapat terapi obat antidepresan tipe penghambat Monoamin Oksidase MAO; Tidak boleh melebihi dosis yang dianjurkan; Hati-hati penggunaan pada penderita tekanan darah tinggi atau yang mempunyai potensi tekanan darah tinggi atau stroke, seperti pada penderita dengan berat badan berlebih overweight atau penderita usia lanjut; Bila dalam 3 hari gejala flu tidak berkurang segera hubungi dokter atau unit pelayanan kesehatan; Hentikan penggunaan obat ini jika terjadi susah tidur, jantung berdebar dan pusing; Penderita hipersensitif terhadap komponen obat ini; Penderita gangguan jantung dan diabetes mellitus";;https://tse.mm.bing.net/th?q=Komix%20OBH%20obat%20kemasan
105;Komix OBH Kids;Batuk Dan Pilek;Untuk meringankan batuk berdahak dan pilek;Box, Sach;1500;"Sach: Rp1.500; Box: Rp12.000";Setelah makan;Anak 6-12 tahun: 3x sehari 1 sachet;"Mengantuk; gangguan pencernaan; sakit kepala; insomnia; gelisah; eksitasi; tremor; takikardi; aritmia; mulut kering; palpitasi; retensi urine";Penggunaan bersama antidepresan tipe penghambat MAO dapat mengakibatkan krisis hipertensi;tidak untuk digunakan dalam jangka panjang;"Succus Liquiritae 167 mg; Guaifenesin 50 mg; Phenylephrine 5 mg; Chlorphenamine Maleate 2 mg";"Tidak boleh diberikan pada penderita yang peka terhadap obat simpatomimetik lain misal efedrin, fenilpropanolamin, fenilefrin, penderita tekanan darah tinggi berat, dan yang mendapat terapi obat antidepresan tipe penghambat Monoamin Oksidase MAO; Tidak boleh melebihi dosis yang dianjurkan; Hati-hati penggunaan pada penderita tekanan darah tinggi atau yang mempunyai potensi tekanan darah tinggi atau stroke, seperti pada penderita dengan berat badan berlebih overweight atau penderita usia lanjut; Bila dalam 3 hari gejala flu tidak berkurang segera hubungi dokter atau unit pelayanan kesehatan; Hentikan penggunaan obat ini jika terjadi susah tidur, jantung berdebar dan pusing; Penderita hipersensitif terhadap komponen obat ini; Penderita gangguan jantung dan diabetes mellitus";;https://tse.mm.bing.net/th?q=Komix%20OBH%20Kids%20obat%20kemasan
106;Molexflu;Flu;Untuk meringankan gejala flu seperti demam,. sakit kepala, hidung tersumbat, dan bersin-bersin;Box, Strip;6000;"Strip: Rp6.000; Box: Rp89.500";Dikonsumsi sebelum atau sesudah makan;"Dewasa: 1 kaplet 3 kali sehari; Anak-anak 6 - 12 tahun: 12 kaplet 3 kali sehari";"Obat ini dapat menyebabkan kantuk gangguan pencernaan; gangguan psikomotor; takikardia; aritmia; mulut kering; palpitasi; retensi urine; Penggunaan dosis besar dan jangka panjang menyebabkan kerusakan fungsi hati";Penggunaan bersama anti depresan tipe penghambat MAD dapat mengakibatkan krisis hipertensi;tidak boleh digunakan lebih dari seminggu;"Paracetamol 500 mg; Phenylpropanolamine HCI 12.5 mg; Chlorpheniramine Maleate 2 mg";"Tidak boleh diberikan pada penderita yang peka terhadap obat simpatomimetik lain misal efedrin, fenilpropanolamin, fenilefrin, penderita tekanan darah tinggi berat, dan yang mendapat terapi obat antidepresan tipe penghambat Monoamin Oksidase MAO; Tidak boleh melebihi dosis yang dianjurkan; Hati-hati penggunaan pada penderita tekanan darah tinggi atau yang mempunyai potensi tekanan darah tinggi atau stroke, seperti pada penderita dengan berat badan berlebih overweight atau penderita usia lanjut; Bila dalam 3 hari gejala flu tidak berkurang segera hubungi dokter atau unit pelayanan kesehatan; Hentikan penggunaan obat ini jika terjadi susah tidur, jantung berdebar dan pusing; Penderita dengan gangguan jantung dan diabetes mellitus; Penderita dengan gangguan fungsi hati yang berat; Penderita Hipersensitif terhadap komponen obat ini";;https://tse.mm.bing.net/th?q=Molexflu%20obat%20kemasan
107;Neozep Forte;Flu;Meringankan gejala-gejala flu seperti demam, sakit kepala, pilek, hidung tersumbat, dan bersin-bersin;Box, Strip;3000;"Strip: Rp3.000; Box: Rp71.500";Obat diminum sesudah makan;"Dewasa: 1 tablet; Anak 6-12 tahun: 12 tablet";"Penggunaan Paracetamol dosis besar dan jangka panjang dapat menyebabkan kerusakan hati; Mengantuk; glaukoma; jantung berdebar; mual; muntah; mulut kering; sulit berkemih; gangguan penglihatan dan psikomotor; sulit bernapas; cemas; hipertensi; Dapat meningkatkan tekanan intraokuler pada anak";"Paracetamol dosis tinggi dapat memperkuat efek obat Warfarin; Penggunaan bersamaan dengan obat antikejang atau obat antituberkulosis isoniazid jangka panjang dapat meningkatkan risiko kerusakan hati; Obat penghambat MAO seperti antidepresi dan anti-Parkinson dapat memperkuat efek Pseudoephedrine HCl; Penggunaan bersamaan dengan alkohol; obat tidur dan obat penenang dapat meningkatkan efek mengantuk";Obat ini tidak disarankan untuk digunakan dalam jangka panjang;"Paracetamol 500 mg; Pseudoephedrine HCI 30 mg; Diphenhydramine HCI 25 mg";"Tidak boleh diberikan pada penderita yang peka terhadap obat simpatomimetik lain misal efedrin, fenilpropanolamin, fenilefrin, penderita tekanan darah tinggi berat, dan yang mendapat terapi obat antidepresan tipe penghambat Monoamin Oksidase MAO; Tidak boleh melebihi dosis yang dianjurkan; Hati-hati penggunaan pada penderita tekanan darah tinggi atau yang mempunyai potensi tekanan darah tinggi atau stroke, seperti pada penderita dengan berat badan berlebih overweight atau penderita usia lanjut; Bila dalam 3 hari gejala flu tidak berkurang segera hubungi dokter atau unit pelayanan kesehatan; Hentikan penggunaan obat ini jika terjadi susah tidur, jantung berdebar dan pusing; Penderita dengan gangguan jantung dan diabetes mellitus; Penderita dengan gangguan fungsi hati yang berat; Penderita dengan hipertiroid";;https://tse.mm.bing.net/th?q=Neozep%20Forte%20obat%20kemasan
108;Procold Flu;Flu;Untuk meringankan gejala - gejala flu seperti bersin bersin, hidung tersumbat, demam dan sakit kepala;Box, Strip;4500;"Strip: Rp4.500; Box: Rp99.500";Dikonsumsi sebelum atau sesudah makan;"Dewasa: 3 kali sehari 1 kaplet; Anak 6-12 tahun: 3 kali sehari 1½ kaplet";"Mengantuk; gangguan pencernaan; gangguan psikornotor; takikardi; aritmia; mulut kering; retensi urin; Penggunaan dosis besar dan jangka panjang menyebabkan kerusakan hati; Insomnia; gelisah; eksitasi; tremor dan aritmia ventrikel";"Penggunaan bersama anti depresan tipe penghambat MAO dapat mengakibatkan krisis hipertensi; Dapat menyebabkan kantuk";Penggunaan dosis besar dam jangka panjang menyebabkan kerusakan hati;"Paracetamol 500 mg; Phenylephrine HCI 10 mg; Chlorpheniramine maleat 2 mg";"Tidak boleh diberikan pada penderita yang peka terhadap obat simpatomimetik lain misal efedrin, fenilpropanolamin, fenilefrin, penderita tekanan darah tinggi berat, dan yang mendapat terapi obat antidepresan tipe penghambat Monoamin Oksidase MAO; Tidak boleh melebihi dosis yang dianjurkan; Hati-hati penggunaan pada penderita tekanan darah tinggi atau yang mempunyai potensi tekanan darah tinggi atau stroke, seperti pada penderita dengan berat badan berlebih overweight atau penderita usia lanjut; Bila dalam 3 hari gejala flu tidak berkurang segera hubungi dokter atau unit pelayanan kesehatan; Hentikan penggunaan obat ini jika terjadi susah tidur, jantung berdebar dan pusing; Penderita dengan gangguan jantung dan diabetes mellitus; Penderita dengan gangguan fungsi hati yang berat; Penderita Hipersensitif terhadap komponen obat ini";;https://tse.mm.bing.net/th?q=Procold%20Flu%20obat%20kemasan
109;Sanaflu;Flu;Meringankan gejala flu seperti demam, sakit kepala dan hidung tersumbat;Box, Strip;3000;"Strip: Rp3.000; Box: Rp72.500";Berikan bersama makanan;"Dewasa: 1 kaplet, diminum 3 kali sehari; Anak usia 6-12 tahun: ½ kaplet, diminum 3 kali sehari";"Efek samping yang mungkin terjadi apabila mengkonsumsi Sanaflu adalah; Dalam jangka panjang penggunaan paracetamol dapat merusak organ hati; Meningkatkan tekanan darah";Obat antidepresan golongan MAOI akan menyebabkan krisis hipertensi bila diberikan secara bersamaan dengan Sanaflu;pada penggunaan jangka panjang, dapat meningkatkan resiko kerusakan ginjal termasuk gagal ginjal akut;"Paracetamol 650 mg; Phenylpropanolamine HCl 15 mg";"Hindari penggunaan pada pasien dengan kondisi; Pasien yang memiliki riwayat hipersensitif terhadap salah satu komposisi dari sanaflu; Pasien yang memiliki riwayat penurunan fungsi hati; Pasien yang memiliki riwayat tekanan darah tinggi";;https://tse.mm.bing.net/th?q=Sanaflu%20obat%20kemasan
110;Ultraflu;Flu;Meringankan gejala flu seperti demam, sakit kepala, hidung tersumbat dan bersin-bersin;Box, Strip;3500;"Strip: Rp3.500; Box: Rp72.500";Sesudah makan;Dewasa dan anak usia 12 tahun: 1 kaplet, 3 kali sehari;Dosis besar atau terapi jangka panjang dapat menyebabkan kerusakan hati;"Interaksi obat dapat terjadi saat Ultraflu dikonsumsi bersama beberapa zat aktif berikut Pemberian bersama dengan kelompok obat monoamine oxidase inhibitors MAOI seperti isocarboxazid; linezolid; phenelzine; rasagiline; selegiline dapat memicu naiknya tekanan darah secara tiba-tiba";Penggunaan obat dalam dosis besar dan jangka panjang dapat menyebabkan kerusakan hati;"paracetamol 600 mg; phenylpropanolamine HCl 15 mg; chlorpheniramine maleate 2 mg";Hipersensitif terhadap parasetamol. Pasien dengan disfungsi hati dan ginjal;;https://tse.mm.bing.net/th?q=Ultraflu%20obat%20kemasan
111;Nalgestan;Pilek;Untuk meringankan bersin-bersin dan hidung tersumbat karena pilek;Box, Strip;9500;"Strip: Rp9.500; Box: Rp237.000";Sebelum atau sesudah makan;Dewasa: 1 tablet 3 - 4 kali sehari;"Mengantuk; gangguan pencernaan; gangguan psikomotor; takikardia; aritmia; mulut kering; palpitasi; retensi urin";Penggunaan bersama antidepresan tipe penghambat MAO dapat mengakibatkan krisis hipertensi;tidak disarankan untuk penggunaan jangka panjang;"Phenylpropanolamine HCL 15 mg; Chlorpheniramine Maleate 2 mg";"Tidak boleh diberikan pada penderita yang peka terhadap obat simpatomimetik lain misal efedrin, fenilpropanolamin, fenilefrin, penderita tekanan darah tinggi berat, dan yang mendapat terapi obat antidepresan tipe penghambat Monoamin Oksidase MAO; Tidak boleh melebihi dosis yang dianjurkan; Hati-hati penggunaan pada penderita tekanan darah tinggi atau yang mempunyai potensi tekanan darah tinggi atau stroke, seperti pada penderita dengan berat badan berlebih overweight atau penderita usia lanjut; Bila dalam 3 hari gejala flu tidak berkurang segera hubungi dokter atau unit pelayanan kesehatan; Hentikan penggunaan obat ini jika terjadi susah tidur, jantung berdebar dan pusing; Penderita hipersensitif terhadap komponen obat ini; Penderita gangguan jantung dan diabetes mellitus";;https://tse.mm.bing.net/th?q=Nalgestan%20obat%20kemasan
